uid,body,title,url,newspaper_uid,host,n_tokens_title,n_tokens_body
57eca02511c37fef89be2613f73a1a3e,"Existe un dicho sobre la picadura (piquete o picada) que recibe un gallo donde más le duele: “Le picaron la cresta”. Es decir, lastimaron su orgullo. Y más: lo pusieron en riesgo. Hay muchas formas de picar la cresta y diversas reacciones del gallo agraviado. En ocasiones bate las alas y se pierde entre las gallinas azoradas. Otras veces arremete contra sus agresores. Entonces las aves que lo rodean baten plumas y esperan el zafarrancho.En nuestro medio hay confrontaciones que evocan aquellas picaduras. En este año, que requerirá toda nuestra voluntad y nuestro talento, se está montando el palenque. De la suerte de este encuentro dependerá, en buena medida, la suerte de la República. Esto es lo que se halla en juego. En los meses que comienzan deberemos reflexionar sobre el sentido y el destino de los comicios del 2021, así como acerca de las consecuencias que tendrá para nuestro país, colmado de tribulaciones.Tres partidos políticos, con diversas ideologías, se aliaron para acudir a los comicios de este año. Con ellos acudirán amplios contingentes de la sociedad civil que no militan en ningún partido, pero han resuelto militar por México. ¡Por fin! Esta concertación debe ser formidable. Conseguirla supuso un enorme esfuerzo. Lo supondrá conservarla, al abrigo de tentaciones disolventes y arremetidas violentas. Los concertados —no faltará quien hable, desde su propia caverna, de un compló— se proponen actuar en el cauce de la Constitución. Todo dentro de este marco. Nada fuera.Esta alianza de ciudadanos que ejercen sus derechos ha causado el furor de quien teme una ola creciente que afecte su poder omnímodo. Hubo reacción: donde era previsible y en la forma que cabía esperar, si se toman en cuenta antecedentes, temperamento y estilo. La picadura en la cresta del gallo generó en éste una respuesta tan inmediata como indebida. Arremetió el titular del Ejecutivo, el Jefe del Estado, el observador neutral e imparcial de la contienda —¡todo eso, nada menos!—, contra los partidos asociados y, de paso, contra la sociedad civil que se les ha unido. La emprendió contra los ciudadanos. Es su costumbre.El personaje cuya altiva cresta recibió la picadura de los aliados, olvidó que no debe intervenir en los procesos electorales y cuestionó la legitimidad de la alianza. Aventuró la idea de que los aliados (que pretenden desembarcar el 6 de junio de 2021, convirtiendo la jornada electoral en “Día D” de la democracia) se proponen tomar por asalto el presupuesto de la Federación y apoderarse de los recursos de los pobres. A la invectiva presidencial seguirían los spots de odio en la televisión.Ojalá que los aliados en esta concertación repliquen con datos fehacientes a la mano (a diferencia de esos “otros datos” con que se nos ha engañado durante mucho tiempo) cuál es el sentido de su alianza y qué pretenden conseguir. Es preciso que con una sola voz muy potente describan la crisis que enfrenta México y los errores y desvíos monumentales cometidos durante estos dos años, tiempo sombrío en nuestra historia reciente. Es necesario que expliquen, con unidad imbatible, el riesgo que corre la nación si no se contiene el desbordamiento del poder y no se modifica, con un ejercicio de cordura, el rumbo extraviado. Hay que decirlo con veracidad y firmeza, sin desmayo. No se trata de robar a los pobres, sino de impedir que se les roben, más todavía, el futuro y la esperanza. Profesor emérito de la UNAM.",Le picaron la cresta,http://www.eluniversal.com.mx/opinion/sergio-garcia-ramirez/le-picaron-la-cresta,eluniversal,www.eluniversal.com.mx,2,269
70ef5b82cfdaf3b0fd0f7a9cec9adfb7,"La vacunación anti SARS-Cov-2 en todo México será el acto de gobierno más complicado y complejo que enfrentará la actual administración, y por ello no es apto para improvisados, protagónicos, o precoces (Marcelo Ebrard, que suele ser muy eficiente, se precipitó al decir, hace tres semanas, “misión cumplida”, cuando nadie había sido vacunado). Quien medre con esto y lo empantane, o lo inocule de toxicidad, a causa de un viaje de ego político, o de un cálculo electoral, podría provocar la peor catástrofe del sexenio: un estrepitoso fracaso que cueste miles de vidas. Vacunar a no menos de 90 millones de ciudadanos será una proeza y eso requiere visión de Estado, aplomo y honestidad.¿Podrá lograr el gobierno de Andrés Manuel López Obrador esa hazaña? ¿Están planeando adecuadamente la campaña de vacunación el doctor Hugo López-Gatell, el IMSS, las Fuerzas Armadas y demás instituciones? ¿Quién, quiénes en concreto han sido y son los responsables de la vacunación, de diseñar y orquestar esta misión monumental? ¿A quiénes le vamos a pedir cuentas cada mes? ¿Quién se va a hacer responsable?Ya vimos que esta semana hubo pequeños brotes de desorden, de confusión y protestas, y apenas se trataba de unas cuantos cientos de vacunas. ¿Qué va a ocurrir cuando lleguen cientos de miles hasta ser millones? ¿Quién decide cuándo, dónde y quiénes se vacunan? ¿O todo está siendo al chilazo, como dicen algunos amigos en Guerrero al referirse a situaciones de improvisación y pereza estratégica?Imagine usted que ya estamos en febrero (solo faltan cuatro semanas): imagine que toca vacunar a las personas de sesenta años y más. Muy bien. ¿Quiénes van primero? ¿Todos los de 60, 70, 80 y 90 años juntos? ¿Qué se dejen ir todos al chilazo a hacer colas interminables donde sea y durante los días que sea en todos los estados, en varias ciudades de cada entidad? ¿Que regresen todos los días hasta que les toque? ¿Vamos a grabar en los medios un infame caos?¿O van a citar primero a los de 90 años, tales días, en tales lugares, primero a los que tienen apellidos de la A a la J, y así sucesivamente? O será como se vaya dando la cosa, bien a la mexicana, como vayan llegando los abuelos. Piense usted en miles de ancianos confundidos, horas y horas bajo el sol y a merced del frío, sin sana distancia por las aglomeraciones, y así día tras día.¿Alguien se está ocupando para evitar que ocurre a eso? Ojalá, y también para neutralizar tramposos y corruptos, gandallas que se metan en la cola, como ya vimos que ocurrió esta semana. Ojalá todo sea minuciosamente planeado: quedan pocas horas, si las vacunas llegan en los tiempos previstos.A diferencia de las redes sociales, donde ya festinan un gran fracaso de la 4T, quiero confiar en que el gobierno federal lo hará bien esta vez, incluso muy bien. Imposible no es, pero se requiere de liderazgos ordenados. Hagamos un ejercicio de tiempos y espacios con 90 millones de personas vacunadas:1.- Para poner 90 millones de vacunas en un año, se requiere poner 246 mil 575 vacunas por día. 2.- Para que sea factible, se requiere que sean puestas simultáneamente en los 32 estados. 3.- Eso implicaría poner 7 mil 705 vacunas por día en cada entidad. 4.- Ponerlas en al menos las tres ciudades más grandes, implicaría 2 mil 568 vacunas por ciudad cada día. 5.- Se requerirían dos lugares por ciudad para ponerlas, mil 284 personas por sitio cada día. 6.- En jornadas de doce horas, serían 107 vacunas por hora. 7.- Un par de vacunas por minuto (1.78 por minuto), una vacuna cada 30 segundos, para lo cual se requerirían enfermeros y médicos en turnos de no más de tres horas. 8.- El día que toque la segunda vacuna (hay vacunas de una sola dosis, como la china de Cansino) tendría que haber doble personal en cada sitio.Suena factible, si hay orden y mando. Con la gran cantidad de muertos que todavía habrá en este primer semestre, ojalá todo vaya muy bien y que poco a poco todos tengamos un gran año lleno salud y esperanza, para recuperar el gozo en gerundio: eso de que hay que estar disfrutando cada momento… [email protected]","2021, ¿vacunas al chilazo y gandallas electorales?",http://www.eluniversal.com.mx/opinion/juan-pablo-becerra-acosta-m/2021-vacunas-al-chilazo-y-gandallas-electorales,eluniversal,www.eluniversal.com.mx,3,348
e282a77b53706ee13bb59d8cbba47e3b,"Si se concreta la llegada de Juan Reynoso a la dirección técnica de Cruz Azul, La Máquina tendrá en su banquillo al último hombre que levantó la copa de campeón de Liga.En el Invierno de 1997, Carlos Hermosillo era el primer capitán del club, el líder indiscutible, pero en esa Liguilla, el goleador sufrió una fractura de costilla en el primer duelo contra el Atlas en cuartos de final, por lo que tuvo que someterse a una operación y no fue requerido desde el inicio de los juegos.Lee también: El papa Francisco califica a Maradona como ""poeta""; esto hizo al enterarse de su muerteEn la final, Reynoso salió como capitán, Hermosillo entró de cambio y le dio el título a los cementeros con ese gol de penalti. Pero el honor de levantar el trofeo fue del peruano.TECNICOS EXCEMENTEROSReynoso se uniría a una lista no muy larga de técnicos que han jugado en Cruz Azul.Algunos que han cumplido las dos etapas han sido: Miguel Marín, Enrique Meza, Héctor Pulido, Alberto Quintano, Jesús del Muro, Mario Carrillo (como jugador estuvo en fuerzas básicas), Joaquín Moreno (de forma interina), Rubén Omar Romano y Robert Dante Siboldi.  ",cruz azul juan reynoso el ultimo jugador que levanto el titulo,https://www.eluniversal.com.mx/universal-deportes/futbol/cruz-azul-juan-reynoso-el-ultimo-jugador-que-levanto-el-titulo,eluniversal,www.eluniversal.com.mx,8,97
90849e7ef7c90c9083a8306301f8fe86,"La película ""Selena"" (1997), sobre la reina del tex-mex Selena Quintanilla, podría formar parte del Registro Nacional de Cine de Estados Unidos si prospera el pedido realizado por congresistas latinos que quieren aumentar la presencia hispana en este organismo de la Biblioteca del Congreso. Joaquín Castro, presidente del Caucus Hispano en el Congreso (CHC), pidió por carta a Carla Hayden, la bibliotecaria del Congreso, que agregue la película protagonizada por Jennifer Lopez y Edward James Olmos y dirigida por Gregory Nava para que así se pueda asegurar que las ""experiencias de los latinos estadounidenses estén bien representadas"". En la misiva, enviada el 1 de enero y recogida primeramente por el canal NBC, el congresista por Texas indicó que la inclusión en 2021 de ""Selena"" vendría a paliar en parte la ""continua exclusión de los latinos por parte de la industria cinematográfica"". También lee: “Selena”: así se transformó Jennifer Lopez en la ""Reina del Tex-mex"" Y por ello eligió la película biográfica de la estrella de la música texana, cinta que, en su opinión toca temas importantes de ""identidad cultural y asimilación"" que enfrentan las comunidades mexicoestadounidenses"". ""La película se ha convertido en un ícono querido de la cultura latina y ha tenido un gran éxito en el mercado general, demostrando de una vez por todas que las historias latinas son historias estadounidenses"", aseguró. Castro indicó que en el futuro se harán eco de otras películas latinas que merecen ser preservadas en la Biblioteca del Congreso, pues presentan la ""experiencia"" de los latinos estadounidenses. En caso de que la petición del CHC llegase a buen puerto, ""Selena"" se sumaría a otras películas latinas que ya están en el Registro Nacional como ""La sal de la tierra"" (1954), ""I Am Joaquin"" (1969), ""Zoot Suit"" (1981), ""El Norte"" (1983), ""Con ganas de triunfar"" (1988) y ""Las mujeres de verdad tienen curvas"" (2002).Durante más de un siglo, dice Castro en la carta, las películas han sido fundamentales para la forma en que los estadounidenses se entienden entre sí y la historia del país, y la ""continua exclusión"" de Hollywood afecta la forma en que los latinos son ""percibidos, estereotipados y, con demasiada frecuencia, incomprendidos"". Por este motivo el CHC se animó a escribir al Registro Nacional y recientemente a reunirse con estudios, representantes, sindicatos y cineastas, guionistas y actores para intentar solventar la situación. Más de 25 años después de su asesinato, Selena Quintanilla sigue siendo un fenómeno de masas entre los latinos, como quedó patente en el éxito de la serie sobre la cantante que Netflix estrenó en diciembre pasado y que ya se sabe que tendrá nueva temporada. rad  ",buscan que cinta de selena con jennifer lopez este en el registro nacional de cine de,https://www.eluniversal.com.mx/espectaculos/buscan-que-cinta-de-selena-con-jennifer-lopez-este-en-el-registro-nacional-de-cine-de,eluniversal,www.eluniversal.com.mx,8,226
87b0f5d52d6ef68e358f8dd2290bd77c,"En el primer día del año muchos jugadores que militaban en la Liga MX perdieron la oportunidad de conseguir trabajo. Se cerraron los registros.Así que los futbolistas tendrán que salir del país si es que quieren seguir jugando en el próximo semestre, y los clubes sólo podrán adquirir elementos que vengan del exterior.Así las cosas.De esta forma, la incertidumbre con muchos futbolistas que ya no tienen cabida en sus actuales clubes, crece. El más famoso entre éstos es sin duda Eduardo López, la llamada Chofis, quien simplemente es demasiado caro, en ficha y sueldo para el mercado nacional. El volante fue dado de baja a mitad del torneo por las Chivas, debido a sus constantes indisciplinas. El León y el Tijuana mostraron interés en él, pero su  alto costo hizo que  desistieran.PUEDES LEER: ¿Dónde está Roger Martínez?Similar es el caso de Roger Martínez y Andrés Ibargüen, del América. Ninguno de estos futbolistas entra en planes de la directiva, así que  deberá  buscarles acomodo en el futbol del extranjero.Hasta el momento, los movimientos entre clubes de la Liga MX han sido préstamos, algo comprensible ya que debido a la pandemia de Covid-19, la economía de los equipos no vive su mejor momento.    ",liga mx futbolistas pierden ultima oportunidad de emplearse,http://www.eluniversal.com.mx/universal-deportes/futbol/liga-mx-futbolistas-pierden-ultima-oportunidad-de-emplearse,eluniversal,www.eluniversal.com.mx,7,99
e2afa42cc37f4d06fc623173512e1adc,"Tlalmanalco, Méx.- Más de 100 combatientes cumplieron 24 horas trabajando en la extinción de un incendio en el Parque Nacional Izta-Popo, por el viento que se extendió a la zona alta del volcán Iztaccíhuatl, a más de 2 mil 500 metros de altitud, donde el fuego es superficial, informaron autoridades del Estado de México.El fuego “se detectó cerca de las 13:00 horas del 1 de enero de 2021, por la brigada 811 de Probosque, ubicada en Amecameca, a la altura del ejido Tlalmanalco, que por la dirección y fuerza del viento, se extendió a la zona alta del Iztaccíhuatl, donde al momento se encuentra activo a la altura de dicho parque”, informaron este 2 de enero autoridades mexiquenses.Personal de Secretaría del Campo, la Protectora de Bosques (Probosque), trabajan junto con la Comisión Nacional de Áreas Naturales Protegidas (Conanp), la Comisión Nacional Forestal del Estado de México y de Puebla, (Conafor), personal del Gobierno de la Ciudad de México y de la Asociación Civil de Reforestadores de la zona en el control y liquidación del incendio forestal activo.Este incendio “es considerado hasta el momento superficial, es decir, que se propaga por tierra, en su mayoría por zona de pastizales, por lo que las afectaciones se podrán evaluar una vez concluidos los trabajos combatientes”, indicaron autoridades mexiquenses.Pidieron a la población que se mantenga alejada del incendio para no poner en riesgo su vida ni la de quienes ya se encuentran laborando en el lugar.También lee: Incendio consume 11 camiones de pasajeros en San Felipe del Progreso, EdomexPor  la actividad volcánica del Popocatépetl, ésta es un área restringida a vuelos, por lo que no ha sido posible contar con el apoyo del Grupo de Rescate Aéreo Relámpagos, que forman parte de los Servicios de Emergencia del Estado de México.“Amigos de la montaña” informaron que están trabajando de manera conjunta con Parque Nacional Izta-Popo, CONAFOR, Probosque, Cruz Roja Mexicana Delegación Amecameca y Bosque Esmeralda. “Si tú deseo es ayudar te informamos que se ha establecido un centro de acopio en Cruz roja Mexicana Delegación Amecameca para recibir víveres para 100 combatientes, te recomendamos llevar bolsas de lonch (sandwich, tortas, jugos, agua, electrolitos, manzana) y garrafones de gasolina para los vehículos en la montaña para desplazar las brigadas al lugar del incendio”.apr",despues de 24 horas combatientes trabajan en extincion de incendio en parque nacional izta,https://www.eluniversal.com.mx/metropoli/despues-de-24-horas-combatientes-trabajan-en-extincion-de-incendio-en-parque-nacional-izta,eluniversal,www.eluniversal.com.mx,9,187
1e8254055b8595309203fae4618df4a4,"Luego de enfrentar un año particularmente difícil, en el que la pandemia cambió el rumbo de todo, incluyendo los espectáculos, las predicciones para el año nuevo son alentadoras y llenas de enseñanzas. “El año 2021 viene cargado de energía, tanto positiva, como negativa”, afirma Saúl Maxwell, mejor conocido como “El psíquico de las estrellas”, quien platica con EL UNIVERSAL acerca de lo que viene con el nuevo ciclo. “Siglo XXI y el año 21; vienen muchas cosas muy buenas, los primeros seis meses van a ser un poco controversiales pero después junio y julio traerán cambios tanto en la economía de México y Estados Unidos, como del planeta”, detalla el vidente originario de República Dominicana. También lee: Famosos, pandemia de escándalosMaxwell aconseja más unión entre las personas, pues así como los planetas y astros se han estado alineando, asegura que la base de la fortaleza para afrontar los retos del año entrante, será la fraternidad. “La pandemia ya tiene su vacuna, pero ahora el tema va a ser trabajo, porque el año 2021 viene Marte en Plutón y eso significa mucha energía, hay que aprender a hermanarnos”.Utilizando una copa de agua y una veladora para ayudarse en sus visiones, predijo el futuro de algunos famosos para este año nuevo. Desde trabajo y hasta bodas son algunas de las cosas que vienen para ellos.También lee: Así festejaron los artistas la llegada del 2021 Dieta caerá bien a Silvia PinalEstá muy bien ahora y si mantiene la dieta estable le va a ir muy bien, pero veo que en marzo puede tener recaídas si no se cuida. Debe mantenerse lejos de conflictos.Que la Virgen le dé mucha protección con su salud, sobre todo con el hígado; debe evitar grasas y caminar.  Potrillo aún sin nietosNo será abuelo este año que viene, pero sí para el siguiente. Veo una muchacha de frente que está embarazada, veo a Alex Jr. con una muchacha embarazada, podría ser que se casó embarazada pero será una familia feliz.También lee: Famosos que se comprometieron en este 2020Derbez: éxito en HollywoodViene un reality show espectacular donde van a actuar todos como familia y se va a hacer en Hollywood, donde lo aman y le están dando la oportunidad. A este hombre le gusta mantener a su familia unida, si hay percances entre sus hijos, él los regaña y los vuelve a mantener unidos, es algo que aprendió de su mamá que siempre fue muy estricta con él. Aitana tiene un angelote, será la estrella en Hollywood. Boda de Belinda y NodalHay una boda que va a pasar el año que viene, de ellos, despampanante, donde muchas celebridades se unirán. Al principio mucha gente pensaba que era un noviazgo fabricado pero no es así, porque sí los veo que están muy acaramelados y se ve que hay mucha pasión, la pasión que la caracteriza a ella, una mujer muy intensa y como que él ha aprendido a mejorar y a adaptarse a esa energía. Enero, febrero y marzo viene el veneno arrastrando del 2020, pero como sus signos son de fuego, van a crecer y sigue la pasión.También lee: Así despidieron los famosos al 2020 Livia debe pagarLivia Brito pidió perdón, se retractó (por golpear a un fotógrafo) lamentablemente le ganó la adrenalina. Vas a tener que pagar dinero, pero si el muchacho (Ernesto Zepeda) los sigue acusando, el novio va a hacer mucho tiempo en la cárcel, de hecho ese muchacho va a tener muchos problemas. Debilidad en Tarso Ignacio López Tarso debe cuidarse porque está muy bajo de defensas, él normalmente baja mucho, pero hay que estar preparados en el 2021 porque no creo que pase esa barrera del año, si no se cuida como se debe no llega a julio. Pero si se va, será porque ya pasó su ciclo.También lee: Paty Navidad y otros famosos que causaron polémica en redes sociales este 2020 Chabelo lidia con la saludLo respiratorio de Chabelo le afectará mucho, veo algo con la respiración y mientras él esté en cama no podrá dar entrevistas. No anda muy bien, nos puede sorprender este 2021 con un funeral porque sus defensas están bajando constantemente, hay que rezar para ver si puede pasar al 2022, pero no se ve.  Yoga para Navidad Necesita clases de yoga, tienes que ser más espiritual. Nadie tiene la culpa de tu pasado; si no has sabido ahorrar tu dinero ni brillar en tu carrera, es culpa tuya. Ubícate y cambia la energía negativa por positiva. Si no eres religiosa, ve a meditar para que te vaya mejor. También lee: Predicciones tecnológicas para 2021: cómputo cuántico, 5G y más Cárcel para Pablo LyleEs un muchacho joven con inquietud, con una carrera implacable, pero por el problema que tuvo en Miami lo han encasillado. Tendrá muchos problemas para salir ahora, tendrá que hacer un tiempo allá, pueden ser dos o tres años en una cárcel de EU. Le están haciendo santería cubana, que tenga cuidado. La envidia ataca a ThalíaA Thalía casi no la invitan a proyectos pero en buena medida porque a ella no le gusta salir mucho; la cantante se ha encerrado porque ha tenido problemas familiares y de todo tipo, pero nunca le gustó el drama, porque es siempre pura risa, como una bebé grande.Nunca estuvo metida en los chismes ni tirándole a la gente, pues ella es un ángel, a quien le tienen mucha envidia.Por eso un día la voy a proteger con mis oraciones para que esa envidia nunca empañe su estabilidad porque, aunque ustedes no lo crean, la lengua de la gente tiene poder.También lee: Rostro de Alejandra Guzmán desata memes en redes sociales Un espectacular show para VeroEs una diva que donde se pare siempre tendrá espectáculos. Este año andará muy dentro de los foros, dentro del espectáculo viene un show para Verónica Castro, un show espectacular para ella, como Mala noche... ¡no!, increíble. Que Verónica se cuide mucho la parte del estómago porque en este ámbito puede tener un descenso en la salud, la circulación también. ",el potrillo papa y belinda se casa esto predicen para las estrellas en 2021,http://www.eluniversal.com.mx/espectaculos/el-potrillo-papa-y-belinda-se-casa-esto-predicen-para-las-estrellas-en-2021,eluniversal,www.eluniversal.com.mx,6,490
b26d07f13085b8367e203eea2918b4c3,"El 2020 fue un año de extraordinarias dificultades en el contexto de la pandemia. Aunque la atención a la salud se convirtió en la máxima prioridad para todos, no es posible ocultar, pese a la insistencia de las autoridades federales de ir contra la realidad, la terrible crisis de inseguridad en el país. En este marco analizo algunos de los pendientes en materia de seguridad que definirán el año que arranca.El 2020 fue el más violento en la historia reciente de México. De acuerdo a las últimas cifras disponibles, 32,759 personas fueron asesinadas en los primeros once meses del año pasado. La violencia homicida sigue siendo un pendiente de primerísima importancia que, en lugar de normalizar, el gobierno debe reconocer y atender. Para muestra del abandono que la seguridad tuvo para la administración federal, es que en lugar de realizar los cambios necesarios, premió al exsecretario de seguridad Alfonso Durazo, con una candidatura para el gobierno de Sonora.Los feminicidios continúan incrementándose mes a mes. Este flagelo social debe atenderse no como un fenómeno aislado de criminalidad, sino como el resultado de una falta de políticas públicas abocadas hacia la prevención y la erradicación de la violencia contra las mujeres. No es moralmente aceptable seguir postergando una agenda integral de protección a las mujeres.Otro gran pendiente es la atención a víctimas y el apoyo a familiares de desaparecidos, quienes dedican sus vidas a realizar una labor que el Estado se ha negado a asumir. Igualmente importante es la atención a los derechos humanos. Urge recuperar la Comisión Nacional de los Derechos Humanos (CNDH), cooptada por intereses políticos y envuelta en escandalosos casos de nepotismo e incapacidad. Su labor es más importante que nunca, considerando el previsible aumento en las violaciones a los derechos humanos, como consecuencia de la militarización del país -abiertamente promovida por el Presidente López Obrador. Lo vamos a seguir reiterando: las Fuerzas Armadas, incluida la Guardia Nacional, no están capacitadas para cumplir funciones policiales.Debemos recomponer la agenda bilateral de seguridad con Estados Unidos en temas clave como migración, cooperación en seguridad y combate al crimen organizado, entre otros. Es urgente implementar una verdadera política de prevención del delito y acabar con el abandono de fiscalías y penales, que operan al límite de sus capacidades.El rescate de las policías civiles es el reto máximo en seguridad. Es previsible que el desprecio e indiferencia de la federación hacia los cuerpos de seguridad estatales y municipales prevalezcan en lo que resta del sexenio. Ante este escenario debemos fomentar las agendas de seguridad locales en los próximos años. Para enfrentar los recortes presupuestales del Gobierno Federal, estados y municipios deben explorar nuevos esquemas de financiamiento que permitan a las policías operar de manera eficiente y avanzar en su profesionalización.También deben fortalecerse las labores de investigación en las policías, así como fomentar el uso de nuevas tecnologías. Frente a la inacción y la falta de estrategia del Gobierno Federal, resulta necesario que los gobiernos locales, la sociedad civil, la academia y la ciudadanía unamos esfuerzos en la búsqueda de soluciones al problema de la inseguridad. La seguridad es demasiado seria para que quede en manos de funcionarios con intereses políticos; es muy importante como para seguir apostándole a que en algún momento el Ejecutivo se dé cuenta que ha errado la estrategia. Debemos exigir al gobierno que pacifique al país como lo prometió.Parafraseando a Soren Kierkegaard, la vida sólo puede ser entendida mirando hacia atrás, pero tiene que ser vivida hacia adelante. Por eso, dejemos ir en paz el año 2020 para recibir con esperanza renovada, entusiasmo y energía el 2021. Que el próximo año seamos bendecidos con salud, paz y alegría. (Colaboró Alejandro Espinosa). Presidenta de Causa en Común.@ MaElenaMorera",El 2021 es ahora o nunca en materia de seguridad,http://www.eluniversal.com.mx/opinion/maria-elena-morera/el-2021-es-ahora-o-nunca-en-materia-de-seguridad,eluniversal,www.eluniversal.com.mx,4,321
7ead64377be71bdcf57aaa1f3dc7c86a,"En 2019 se registraron 5 mil 333 muertes de trabajadores en los Estados Unidos, de acuerdo con un informe de la Oficina de Estadísticas Laborales (BLS, por sus siglas en inglés). El último reporte de la dependencia precisa que los accidentes mortales reportaron un incremento del dos por ciento, con respecto a los incidentes presentados durante 2018. En 2019 se tuvo la cifra más alta de muertes desde 2007, pues en promedio, un trabajador murió por un accidente laboral cada 99 minutos.El año pasado también incrementó en 13 por ciento la cifra de latinos que fallecieron mientras laboraban, hasta llegar a mil 88 decesos. No te pierdas: Los 10 trabajos más demandados en Canadá en 2020La mayoría de las muertes de trabajadores estuvieron relacionadas con incidentes de transporte. En 2019 se reportó un aumento del 2 por ciento, hasta llegar a 2 mil 122 casos. Es el año con mayor número de eventos de este tipo desde 2011. En la lista de accidentes del BLS siguen las caídas, resbalones y tropiezos con 880 casos, con un incremento del 11 por ciento. El resto de muertes de empleados estuvieron relacionadas con la exposición a sustancias o entornos nocivos, lesiones provocadas por otras personas o animales, sobredosis no intencionales por el uso de fármacos o alcohol, así como incendios y explosiones. Estos fueron los trabajos más mortales de 2019  5. Ayudantes de construcción: 40 muertes por cada mil personas.4. Techadores: 54 fallecimientos por cada mil trabajadores. 3. Pilotos de aviones e ingenieros de vuelo: 61 decesos por cada mil personas.2. Leñadores: 68 muertes por cada 100 mil trabajadores.1. Trabajadores de pesca y caza: 145 fallecimientos por cada 100 mil personas.  One worker died every 99 minutes from a work-related injury in 2019 https://t.co/HNURBmIezX #BLSdata pic.twitter.com/48twjyOab3— BLS-Labor Statistics (@BLS_gov) December 20, 2020 Los empleos con mayor número de muertes estuvieron vinculadas a estas industrias:4. Mantenimiento, instalación y reparación: 438 muertes.3. Servicios: 762 decesos.2. Construcción y extracción: mil 66 fallecimientos.1. Transporte y traslado de materiales: mil 481 muertes.p",los trabajos mas mortales para realizar en estados unidos,https://www.viveusa.mx/negocios/los-trabajos-mas-mortales-para-realizar-en-estados-unidos,eluniversal,www.viveusa.mx,5,157
69db1e41828acc7851fea16db7eabf2a,"Hablar de técnicos de renombre en el futbol mexicano y especialmente en el América, es hablar de estrategas como Leo Beenhakker, aquel técnico holandés que ilusionó a las Águilas en 1994.Con paso en equipos como el Ajax y el Real Madrid, Beenhakker llegó a la institución azulcrema en 1994, para dirigir a un equipo que se quedó en semifinales, luego de ser eliminados por Cruz Azul. El europeo no concluyó el certamen por diferencias con la directiva y tras su salida, ese América espectacular no volvió a brillar igual.Hoy, en su primera videoconferencia como técnico de las Águilas, Santiago Solari recordó a Leo Beenhakker, a quien calificó como un “mito en el futbol”.LEER MÁS: Santiago Solari: Trataré hacer de América, un equipo un poquito más grande“Leo (Beenhakker) es un mito del futbol también y supo adaptarse al futbol europeo como al mexicano, que es un coloso cultural, que refleja la diversidad del país. Por eso es un futbol tan orgulloso porque sabe lo que tiene. Es conocedor de su riqueza”, declaró.Solari es otro estratega que llega a Coapa con un cartel estelar y espera, que de la mano del equipo, logren emular a ese equipo que contaba en sus filas con jugadores como Cuauhtémoc Blanco, Juan Hernández, Raúl Gutiérrez, Raúl Lara, Biyik, Kalusha Bwalya Luis Roberto Alves ‘Zague’, entre otros.“Hay que adaptarse a muchas cosas como la geografía, al clima,  jugar con altura, viajes largos, horarios cambiantes. Ojalá que podamos formar un América tan bueno como aquel”, sentenció.Leo también es recordado por ser el encargado de debutar a figuras como Cuauhtémoc Blanco o al arquero Guillermo Ochoa.  ",santiago solari ojala formemos un america como el de beenhakker,https://www.eluniversal.com.mx/universal-deportes/futbol/santiago-solari-ojala-formemos-un-america-como-el-de-beenhakker,eluniversal,www.eluniversal.com.mx,6,142
728202b6db36b101a1ebb02cd9358061,"La Ciudad de México se mantendrá con bajas temperaturas, incluso heladas, en los próximos días debido a la presencia de una tormenta gélida que se ha posicionado en el país desde los estados del norte, por lo que las alcaldías Álvaro Obregón, Magdalena Contreras, Tláhuac, Xochimilco, Tlalpan, Cuajimalpa y Milpa Alta presentarán afectaciones hasta con 1 grado de bajas temperaturas, informaron autoridades de Protección Civil.A esta cuarta tormenta invernal se le sumará un frente frío, explicó Guillermo Ayala, director de Alerta Temprana de la Secretaría de Gestión Integral de Riesgos y Protección Civil (SGIRPC) de la Ciudad de México, y recordó que estas demarcaciones la madrugada del 31 de diciembre alcanzaron los 0 y -2 grados.La onda gélida, pronosticaron, se puede extender hasta el cierre de la temporada invernal que es el 20 de marzo.En entrevista con EL UNIVERSAL el funcionario comentó que estas afectaciones provienen de los estados limítrofes con Estados Unidos, por donde han entrado grandes vientos que han azotado “de manera brutal”, generando temperaturas de hasta -20 grados en entidades como Chihuahua y Durango, por mencionar algunos. También lee: Por año nuevo, calles de la CDMX permanecen semi vacías y sin comerciosAyala precisó que si bien ha disminuido la potencia de las ráfagas de viento —como la que se presentó el 31 de diciembre que provocó la caída de 18 árboles— todavía permanecerá un ambiente frío en este inicio de 2021, y para prevenir se activaron las alertas naranja para las citadas alcaldías y amarilla para el resto de las demarcaciones.“No habrá lluvias, afortunadamente para bien, pero hay un resto de humedad en los niveles medios de la atmósfera, entonces por el frío se hacen cristales helados, sin que se presente una nevada”, explicó.Añadió que se detectó a través de redes sociales la circulación de información falsa en la que se aseguraba que estas heladas provocarían que a las personas se les cristalizaran los pulmones, aspecto que negó pueda suceder. También lee: Con 221 puntos Imeca, se mantiene Fase II de contingencia en Valle de TolucaEstas heladas pueden afectar la piel de las personas que habitan estas zonas de la capital, por lo que se deberán mantener hidratadas. En caso de usar calefacciones, Ayala aseguró que las casas deben estar ventiladas, pues en todo caso pueden correr un riesgo mayor.El funcionario recalcó que ante estas heladas se deben seguir protegiendo la nariz y la boca con el uso correcto del cubrebocas, pues además de estar en medio de una contingencia sanitaria por Covid-19, la Ciudad se encuentra en temporada de influenza, lo que puede afectar más la salud.Precisó que no hay un riesgo de que la emergencia sanitaria se agudice por las bajas temperaturas. Sin embargo, el Gobierno capitalino informó hace unas semanas que parte de los contagios de Covid-19 que se están viviendo actualmente es por el invierno y la sensibilidad que hay frente a la enfermedad en esta época de mayor frío. También lee: La CDMX inicia el 2021 con la prohibición de plásticos de un solo usoSalen capitalinos en Año Nuevo  El frío que se registró este 1 de enero provocó que algunas personas salieran de sus hogares para buscar el sol, pese al semáforo rojo y a la emergencia sanitaria por el Covid-19 que hay en la Ciudad de México.Yolanda y su familia decidieron pasear en la avenida Paseo de la Reforma, en busca de un momento bajo el sol, pues aseguró que en su casa sentía mucho frío, aunque señaló que todos se cuidan para no enfermarse. También lee: Capitalinos piden salud para 2021“Teníamos mucho frío y estaba el sol muy sabroso, sabemos que la Ciudad esta desierta, de lo más agradable”, comentó la vecina de la colonia Cuauhtémoc. Así como la familia de Yolanda, otras pocas personas salieron durante unos minutos a dar la vuelta sobre esta vialidad, tras celebrar el inicio del Año Nuevo, la mayoría en casa.",alertan en cdmx por temperaturas bajas hasta marzo,http://www.eluniversal.com.mx/metropoli/cdmx/alertan-en-cdmx-por-temperaturas-bajas-hasta-marzo,eluniversal,www.eluniversal.com.mx,5,310
146cf1a1fa8cc8d92438b0d27e9c449f,"El conocido presentador de televisión Larry King está hospitalizado en Los Ángeles por Covid-19, revelan hoy medios estadounidenses.King, de 87 años, conocido por sus entrevistas en CNN y sus columnas en el Usa Today, fue diagnosticado con coronavirus y está siendo atendido, señalaron medios como Fox News y el Daily Mail.King tiene historial de múltiples enfermedades, incluyendo un ataque al corazón y cáncer de pulmón y próstata, además de diabetes tipo 2. De acuerdo con los reportes de medios, está aislado y no se le permite a su familia visitarlo.apr/acmr",hospitalizan al presentador larry king por covid 19 revelan medios en eu,https://www.eluniversal.com.mx/mundo/hospitalizan-al-presentador-larry-king-por-covid-19-revelan-medios-en-eu,eluniversal,www.eluniversal.com.mx,8,44
00054bbccba5474e01ef9c9b10c9f6d2,"Santiago Solari dio a conocer quiénes conformarán su cuerpo técnico en el América. Primeros sus auxiliares.El ‘Indiecito’ habló que contará como sus brazos, a Santiago Sánchez y Lucas Nardi.Sánchez, es un técnico español que acompañó a Solari en las categorías menores del Real Madrid, y claro, también en el primer equipo.LEER MÁS: ""Ojalá podamos formar un América tan bueno como el de Beenhakker""Lucas Nardi es un joven técnico argentino que tuvo un paso fugaz dirigiendo de manera interina a Estudiantes de La Plata. Salió de ese equipo debido a un escándalo mediático en el cual involucró a Carlos Salvador Bilardo.Su preparador físico será Bruno Militano, argentino de 45 años, que ha estado en equipos como  San Lorenzo de Almagro, Godoy Cruz y Rosario Central, donde trabajó con  Eduardo Bauza.Solari, corto de datos en su primera conferencia de prensa, no confirmó si Gilberto Adame, exauxiliar de Miguel Herrera, formará parte de su cuerpo técnico, lo que es un hecho confirmado es que Giber Becerra, preparador físico, dejará de estar en Coapa.  ",america solari ya tiene su cuerpo tecnico formado,https://www.eluniversal.com.mx/universal-deportes/futbol/america-solari-ya-tiene-su-cuerpo-tecnico-formado,eluniversal,www.eluniversal.com.mx,5,94
4fe9e9bdebefc4f172ad2bb48043e6e4,"Nos comentan que el apagón del pasado lunes sigue y seguirá siendo, al parecer, una piedra en el pie para el presidente Andrés Manuel López Obrador al inicio de este año. El jueves el Ejecutivo federal comentó que estaba de acuerdo en que se hiciera la investigación luego de que Protección Civil de Tamaulipas informó que presentará una denuncia por un oficio apócrifo que presentó la Comisión Federal de Electricidad (CFE) sobre el incendio en Padilla, Tamaulipas, que derivó en el apagón que afectó a a más de 10 millones de personas. “Pues que se haga la investigación. Qué bien que presentan una denuncia para que una autoridad independiente decida o resuelva”. La pregunta que más de uno se hizo ayer fue, ¿quién es esa autoridad independiente para el presidente? ¿La ONU? ¿No sería más fácil que la CFE dijera de dónde sacó el documento? El escándalo del apagón seguirá vivo la próxima semana.Pandemia pegó fuerte a San LázaroLa Cámara de Diputados cerró mal los nueve meses de pandemia. Nos cuentan que en el Palacio Legislativo de San Lázaro se han registrado 100 diputados contagiados de Covid-19 desde marzo pasado. Nos revelan que, de acuerdo al último reporte que lleva la Secretaría General, contrajeron el virus 99 diputados y 379 trabajadores para dar un total de 478 casos positivos durante el 2020. Lo más lamentable es que hubo 19 muertes, 17 de ellas de empleados y dos diputados federales: Miguel Acundo (MC) y Defino López (Morena). Nos adelantan que para mantener la contención de contagios seguirá la aplicación de pruebas para empleados y legisladores.Salud mete el pie a SedenaNos cuentan que al interior de las Fuerzas Armadas hay molestia porque trabajadores de Comunicación Social de la Secretaría de Salud “se están pasando” de invasivos y no permiten que los medios de comunicación realicen su labor durante las jornadas de vacunación contra Covid-19 que se llevan a cabo en sedes militares. La secretaría encabezada por Jorge Alcocer Varela le echó la bolita a la Sedena en cuanto al acceso de medios, pero cuando reporteros y fotógrafos llegan, los miembros de la Secretaría de Salud piden desalojarlos, lo cual va contra la política de la Secretaría de la Defensa en la materia.Siguen las patadas en MorenaLuego de que Morena decidió declarar a Félix Salgado Macedonio como su virtual candidato para la gubernatura de Guerrero, la grilla está a todo lo que da en el partido oficial. Nos hacen ver que ayer, Alejandro Rojas Díaz Durán, senador suplente de Morena, acusó a John Ackerman, esposo de Irma Eréndira Sandoval, secretaria de la Función Pública (SFP), de querer imponer a su cuñado Amílcar Sandoval, quien también aspiraba a la candidatura, por lo que lo señaló de ser un “gringo llorón” y “ alfil en México del siniestro gringo George Soros”. Si así de terso se llevan en público, nos dicen, cómo será por debajo de la mesa.",AMLO y la CFE no salen del “apagón”,http://www.eluniversal.com.mx/opinion/periodistas-el-universal/amlo-y-la-cfe-no-salen-del-apagon,eluniversal,www.eluniversal.com.mx,4,242
914c6e883081c44afc6cac7cf480b257,"Escribo estas líneas el primer día del año nuevo. No puedo dejar de sentir alivio de que ya se terminó el 2020, maldito año, terrible en muchos sentidos. Pasará a la historia como el año de la Pandemia por Coronavirus Sars-Cov-2, que dejó en México, hasta el 31 de diciembre, 125 mil muertos y más de un millón 400 mil contagiados. Un panorama muy diferente de lo que las autoridades de este país nos dijeron que sería y del diagnóstico de los “expertos” y los “científicos” del Gobierno que pese a sus desatinos, imprecisiones, terquedades, necedades e irresponsabilidades, hoy sabemos que son intocables, inamovibles e incuestionables. Protegidos a ultranza al más alto nivel. A estas alturas sabemos que sus actos no tendrán consecuencias en el corto plazo. Pero veremos en el juicio de la historia y de los nuevos gobiernos, si llega a ganar la oposición.Con la tragedia humana por el virus, el 2020 nos sigue dejando los retos de la crisis económica y el crecimiento de la delincuencia.El 2021 nos obliga a abrigar esperanzas, aunque moderadamente.La llegada de la vacuna anti Covid nos alienta, pero con escepticismo. La mayoría estaremos vacunados hasta dentro de unos meses. No sabemos si eso será suficiente. Mientras tanto, seguirán las restricciones para evitar los contagios masivos, las dramáticas escenas de los hospitales repletos, de gente sufriendo, y la desaparición de empleos, negocios y empresas.Sí, un optimismo moderado.En lo económico, arrancamos con los consabidos aumentos de precios y servicios a los que se denomina “ajustes” o “actualizaciones”.Uno bueno, el del salario mínimo que a partir del 1º. de enero se incrementa en 15 por ciento. En la mayor parte del país será de $141.70 diarios y en la Zona Libre de la Frontera Norte de $213.39. No se aplica a salarios contractuales.Bien por los empleados. Pero no fue un aumento salarial fijado de mutuo acuerdo con todos los empresarios. Más bien expresaron su desacuerdo y preocupación. Quizás se les obligue a otorgar ese aumento, pero no sabemos cuántas empresas sobrevivirán así y cuantos trabajadores tendrán que ser despedidos.Tendrán “ajustes por la inflación” los precios de las gasolinas, los cigarros, las bebidas azucaradas, el servicio de internet y de telefonía móvil, la Tarifa del Uso de Aeropuerto, la electricidad, el impuesto predial de la CDMX, las licencias de conducir, la tenencia vehicular y los servicios del Registro Civil. Dicen que no aumentará el kilo de tortilla.A partir de este viernes, 1º. de enero, en la Ciudad de México queda prohibida la comercialización, distribución y entrega de tenedores, cuchillos, cucharas, palitos mezcladores, platos, popotes, bastoncillos para hisopos de algodón, globos, varillas para globos, vasos y sus tapas y charolas para transportar alimentos, fabricados total o parcialmente de plásticos, diseñados para su desecho después de un solo uso, excepto los que sean compostables.Se incluyen platos, vasos y charolas de unicel. Los plásticos de un solo uso deberán ser reemplazados por envases de cartón o plástico compostable.Y, en lo político, el 6 de junio, la elección intermedia más grande de la historia con 15 gubernaturas en juego, la renovación de la Cámara de Diputados y miles de cargos de elección popular. A ver cómo se combina con la pandemia aún no superada.MONITOR REPUBLICANOA pesar de todo, 2020, gracias por las lecciones que nos dejaste. Querido año nuevo 2021, no nos vayas a salir con chingaderas.  [email protected]","2020, el año que vivimos en peligro. ¿Y el 2021? ",http://www.eluniversal.com.mx/opinion/amador-narcia/2020-el-ano-que-vivimos-en-peligro-y-el-2021,eluniversal,www.eluniversal.com.mx,3,269
74caadafad46c9a7da420d241217e0e4,"El martes pasado se inició una larguísima sesión en el Senado argentino para debatir si debía despenalizarse el aborto o no. El proyecto ya había sido aprobado en la Cámara de Diputados y faltaba la decisión del Senado. En 2018, durante el gobierno de Macri, la votación en esa Cámara había terminado con 38 votos por el no y 31 por el sí. La madrugada de este miércoles, el resultado de los votos, anunciado por Cristina Kirchner, fue de 38 por el sí, 28 en contra y una abstención.Las intervenciones de las y los senadores fueron de altísimo nivel. Se trató de un debate informado que mostró con claridad los puntos que una y otra vez se han puesto sobre la mesa cuando se discute el tema.Aquí una síntesis:1.- Se practica el aborto clandestino a la luz del día. La ley penal no lo frena. Solo se castiga a las mujeres más pobres.2.- Las mujeres de escasos recursos económicos son quienes arriesgan la vida en los abortos clandestinos.3.- Las tareas que corresponden a la iglesia y al Estado son diferentes. Al Estado le corresponde dar educación sexual a toda la población y garantizar servicios de salud sexual y reproductiva a todas las mujeres.4.- La nueva ley no obliga a nadie a abortar. Solo deja la opción de elegir, a partir una decisión individual.Dijo María Inés Pilatti: “Conocemos la realidad y sabemos que no discutimos aborto sí o no, sino si es clandestino o será legal”. Esto porque interrumpir un embarazo en condiciones seguras es un privilegio de clase. La muerte o la prisión es la condena por ser pobres. “Tenemos que desdramatizar el aborto y desromantizar la maternidad. Debe ser una decisión nuestra, debemos elegir cuándo, cómo y con quien maternar...”Gladys González dijo: “No todas (las mujeres) reciben la misma educación sexual; no todas tienen acceso a métodos anticonceptivos. No todas viven en condiciones dignas para hacerse cargo de un hijo. No todos los embarazos son deseados”.“Quienes tienen recursos saben que no van a tener consecuencias penales”. “La clandestinidad mata. Es indispensable terminar con el negocio del aborto clandestino”.Afuera del Senado, la espesa marea verde intergeneracional, con conjunción de brazos y voces, cantaba, saltaba y coreaba consignas. Un cartel decía: “No abortes si no estás de acuerdo, pero no decidas por las demás”.Lo que se aprobó fue el derecho de las mujeres y las personas con otras identidades de género con capacidad de gestar a decidir la interrupción del embarazo, requerir y acceder a la atención del aborto y recibir atención post aborto en los servicios del sistema de salud.El aborto se permitirá hasta la semana 14 del proceso gestacional. Fuera de ese plazo sólo se podrá acceder en caso de violación o si estuviera en peligro la vida o la salud integral de la persona gestante.Se previó la objeción de conciencia de los médicos y se estableció la responsabilidad del Estado para implementar la ley número 26,150 de educación sexual integral estableciendo políticas activas para la promoción y el fortalecimiento de la salud sexual y reproductiva en toda la población.Así, esta semana, a pesar del Papa argentino y de los avances de la ultraderecha en la región, el Senado tomó una decisión histórica. Décadas de lucha fructificaron. Lustros de insistencia. Alberto Fernández cumplió su promesa de campaña, pero el logro es, sin duda, de mujeres a quienes es imposible nombrar. Experta Comité CEDAW/ONU.@leticia_bonifaz","Argentina, el debate que terminó en ley",http://www.eluniversal.com.mx/opinion/leticia-bonifaz-alfonzo/argentina-el-debate-que-termino-en-ley,eluniversal,www.eluniversal.com.mx,4,268
3ffb42e0687c59aca79767565d9d5b97,"Este texto corto no es un análisis, sino apenas una revisión somera de la agenda internacional para 2021. Una agenda que en lo sustancial sigue procesos que llevan sus propias dinámicas, no determinadas por el cambio arbitrario de calendario, si bien, hay ciertos temas como elecciones o tomas de posesión que sí obedecen a fechas específicas. La agenda internacional es, además, de particular interés para México dado su ingreso al Consejo de Seguridad de Naciones Unidas. Los siguientes son solo algunos de esos temas a los que, con toda certeza, estaremos regresando en este espacio: Primeramente, habrá que seguir la evolución de la pandemia en el mundo, sus efectos económicos, sociales, políticos y geopolíticos, las campañas de vacunación y la velocidad con la que las distintas sociedades puedan ir retornando a algo que se parezca a cierta normalidad, incluido el intercambio comercial entre países, los traslados de personas y el restablecimiento de las interconexiones entre las economías. Estos factores serán determinantes para entender buena parte de otros temas y sus conexiones. A inicios de año, estaremos atentos a las elecciones de los dos escaños restantes del Senado en EEUU pues eso influirá en buena medida en la capacidad de Biden para avanzar su agenda. Luego, por supuesto, observaremos la ratificación de los resultados electorales por el Congreso, donde, a pesar de posibles objeciones, se espera su confirmación. Estaremos pendientes también del arranque de su gobierno el 20 de enero, de sus primeros pasos, su gestión de las varias crisis que vive su país, y del inicio de su política externa. En febrero vence el último tratado que queda entre Rusia y EEUU para regular sus armas nucleares, el Nuevo START. Habrá que seguir las conversaciones para su posible extensión o renegociación. En el tema de Irán, como ya explicamos acá, Biden—quien intentará retomar conversaciones para un posible reingreso de EEUU al acuerdo nuclear—arranca bajo presión pues no solo hay elecciones próximas en Irán (en las que se espera un fortalecimiento de las posiciones más duras), sino que se ha aprobado una ley que ordena a Teherán acelerar su proyecto nuclear en varias de sus vertientes. Este será solo uno de los asuntos que producirá tensiones entre Washington e Israel, país que ahora tendrá sus cuartas elecciones en dos años. Estaremos pendientes también del seguimiento que hará Biden al respecto de los acuerdos de normalización de relaciones entre Israel y algunos países árabes y musulmanes, varios de quienes están esperando el cambio de estafeta en Washington para decidir si continúan o no con esos procesos. Habrá que observar también si el nuevo presidente estadounidense puede o no contribuir a relanzar las conversaciones entre Israel y Palestina. Además, tendremos que seguir la evolución de los conflictos en Siria, Libia y Yemen. Muy pendientes también estaremos del rol que juegue Turquía en varios de éstos y su confrontación con varios de sus rivales regionales en esos temas y en otros relacionados como la explotación del gas en el Mediterráneo. Seguiremos de cerca, sin duda, la situación en Europa que ahora mismo pasa momentos muy difíciles por la pandemia, la puesta en marcha del flamante acuerdo entre Reino Unido y la UE, sus fortalezas y debilidades, y el intento de Biden por reconstruir las alianzas de EEUU, especialmente con sus socios en ese continente, para enfrentar de forma más coordinada a sus grandes rivales, Rusia y China, con quienes no se espera una disminución de las tensiones, aunque probablemente sí un cambio en el estilo, las formas y los procesos para confrontarlos. Además de ello, estaremos muy atentos a lo que viene ocurriendo en Asia. Por ejemplo, la mano dura de Beijing sobre Hong Kong, la dinámica Beijing-Taiwán, los conflictos entre China y sus vecinos por sus mares colindantes, los choques fronterizos India-China, las tensiones China-Australia, o incluso el potencial de nuevos choques entre India y Pakistán, entre otros varios temas calientes de la zona. En 2020, el número de protestas sociales en el planeta se elevó por segundo año consecutivo, a pesar de la pandemia. Las manifestaciones masivas por causas muy distintas, manifestaciones que, por cierto, hemos visto con fuerza en varias partes de América Latina, no muestran señales de disminuir. Desde hace años lo monitoreamos a nivel global, y sin duda, 2021 dará mucho que hablar al respecto. Seguiremos también la evolución de la situación en Venezuela y varios países más de nuestra región, así como otros procesos interesantes en otras regiones que no alcanza el espacio para mencionar. Termino solo con un tema por el interés particular que acá le hemos puesto, la evolución del terrorismo en al menos dos de sus vertientes: (a) la etapa del extremismo islámico posterior al “califato” de ISIS en Siria e Irak, que ahora mismo está mostrando signos muy preocupantes en países como Mozambique, Nigeria (y vecinos) o Afganistán (país que, además, se encuentra en pleno proceso de negociaciones entre Kabul y los talibanes y del que se esperan más retiros de tropas estadounidenses en los próximos meses, dependiendo de si Biden continúa o no con la política de repliegue de Trump), y (b) la continuación de la tendencia al alza del extremismo de derecha. Vivimos tiempos de enormes retos, pero cierro con la esperanza de que sepamos aprender de ellos, y en especial, que haya vida, salud, luz en el camino, ojos para mirarla y para encontrar sentido, y gente cercana con quién compartirlo. Analista internacional.Twitter: @maurimm",Un esbozo de la agenda internacional 2021,http://www.eluniversal.com.mx/opinion/mauricio-meschoulam/un-esbozo-de-la-agenda-internacional-2021,eluniversal,www.eluniversal.com.mx,3,447
625a4ff74cebe23d9e0bdac41830b109,"La desconfianza crónica es un cáncer que hoy nos corroe el alma a los mexicanos.Frente a cada caso delincuencial que parece ser resuelto por las autoridades, siempre surge la duda de si realmente los inculpados fueron de verdad los autores del crimen, o son simplemente chivos expiatorios a quienes bajo amenazas o tortura física o emocional les han sacado la confesión del delito.Es obvio que exhibiendo unos supuestos culpables se puede cerrar un caso peligroso que daña la imagen de un gobierno de cara a la opinión pública, o se puede encubrir a los verdaderos delincuentes.El homicidio de María Guadalupe Martínez Aguilar, quien fuera dueña y rectora de la Universidad Valladolid, de la ciudad de Xalapa, ocurrido el 29 de junio pasado, fue cerrado con la detención de July Raquel Flores Garfias, de 29 años de edad en la Ciudad de México, a quien se acusa de ser cómplice de Fernando Enrique Merino Marín.Supuestamente ambos, defeños radicados en la Ciudad de México, viajaron a Xalapa a cometer el crimen y regresaron a esconderse en sus casas en la capital de nuestro país.Puede ser real lo que dicen las autoridades, pero también circula un video en redes sociales que acusa que ella fue sometida a tortura física y sexual por quienes la detuvieron para que aceptase ser la asesina.Lo terrible es que en lugar de tener confianza ciega en las autoridades y en nuestro sistema de impartición de justicia, como sucede en la mayoría de los países de la importancia del nuestro, hoy asome la desconfianza, pues tendemos a creer que cada nuevo caso es un montaje policiaco, con base en el conocimiento de que la práctica de la tortura es común y cotidiana en México para obtener confesiones.En cualquier país del mundo occidental y la mayoría de los asiáticos, la ciudadanía no duda cuando la policía resuelve un caso y el poder judicial emite una sentencia condenatoria. Los ciudadanos se sienten seguros y protegidos por todo el sistema de procuración de justicia de su país, excepto en el nuestro, donde desconfiamos de la policía, quizá injustamente si hacemos una generalización, pues seguro existen muchos policías que sí tienen vocación auténtica de servicio.Incluso el descubrimiento de casos de colusión entre la delincuencia organizada y las autoridades policiacas y judiciales abona en la desconfianza, principalmente cuando descubrimos que esto se da también al más alto nivel, como lo es el caso de Genaro García Luna, sólo por citar un ejemplo emblemático que refuerza la desconfianza crónica que vivimos los mexicanos respecto a nuestras autoridades.Esto a su vez repercute en impunidad, pues las víctimas deciden no denunciar por temor a enfrentar el riesgo de que las autoridades que reciben las denuncias estén coludidas con sus victimarios, o puedan ser sobornadas fácilmente por éstos, sus cómplices o familiares.Incluso las denuncias de detenciones arbitrarias por parte de policías y la desaparición de los detenidos, sabemos que se ha incrementado.Judith Valenzuela es la periodista que durante una mañanera reciente pidió al presidente López Obrador ayuda para liberar a su hijo Rafael Méndez Valenzuela, quien fue víctima de la fabricación de pruebas de un delito presumiblemente inexistente y a decir de ella, torturado para que él confesase su autoría.Este joven terminó cumpliendo su condena iniciada en 2008 y no fue liberado como debiese, por lo cual ella pidió ayuda al presidente, quien gestionó su liberación en menos de 24 horas.Esta injusticia seguramente sucede en miles y miles de casos que no tienen la suerte de ser conocidos por la opinión pública y menos aún por el presidente.¿Los autores de la fabricación del delito y de la tortura no pisarán la cárcel?... Precisamente esto genera impunidad.Mientras no haya consecuencias por delitos como fabricación de pruebas y tortura para todos los implicados, desde policías, funcionarios del ministerio público y juzgados, no se frenarán estas prácticas deleznables. Lo peor es que desde siempre han sido y continúan siendo toleradas con total insensibilidad por toda la estructura gubernamental.No hay nada peor que la desconfianza, pero cuando esta campea por todo el país mientras nuestros políticos se enfrascan en temas electorales que les consumen el total de su atención y tiempo, el impacto de este descuido es devastador, pues se convierte en un obstáculo para preservar el tejido social y construir un mejor futuro.La confianza es el valor social más importante para construir un país fuerte, próspero y justo. Sin embargo, parece ser que rescatar esta confianza no forma parte de los planes prioritarios de quienes hoy gobiernan, igual que sucedía antes.La pérdida de confianza y la estimulación de un clima de confrontación, exacerbando rencores y resentimientos que nos dividen a los mexicanos, -los cuales tienen su origen en injusticias reales-, resultan ser de mayor rentabilidad electoral, pero también terminan siendo el caldo de cultivo para la destrucción de México.¿Y a usted qué le parece? Facebook: @Ricardo.Homs1Twitter: @homsricardoLinkedin: Ricardo HomsInstagram: @ricardo.homswww.ricardohoms.com",La desconfianza crónica,http://www.eluniversal.com.mx/opinion/ricardo-homs/la-desconfianza-cronica,eluniversal,www.eluniversal.com.mx,2,392
471cde273248a2ba8ef248e2ce6ddc45,"El 2020 nos robó mucho. Entre todo lo que perdimos se halla la experiencia viva de la cultura: museos, recitales, teatro, cine, conciertos, toda la gama de lo sentimental y estético. En el shock del futuro que nos alcanzó hubo poco tiempo y capacidad de reacción para compensar todo el mercado cultural que habríamos de echar en falta. Desde siempre hemos sabido que “el cine se ve mejor en el cine” y que “la música en vivo siempre suena mejor”, pero la epidemia nos enseñó que el sabor de la cultura es algo más, es la experiencia compartida.En el repentino cambio en la cotidianidad, algunos gestores independientes aprendieron rápidamente a ofrecer alternativas: el séptimo arte amplió su servicio de reproducción en línea; las promotoras de conciertos perfeccionaron su oferta a distancia; incluso el teatro pudo ponerse al corriente y ofrecer algunas funciones “a la carta”. Todas estas iniciativas en algo ayudaron a paliar nuestra orfandad cultural.Sin embargo, la contingencia evidenció las taras y el atraso de las instituciones culturales oficiales. Entre otras, las pinacotecas, hemerotecas y bibliotecas se quedaron rezagadas. El resultado ha sido que toda la actividad cultural del Estado —que es la más significativa— lleva prácticamente un año cancelada. La combinación letal de los recortes presupuestales, el anquilosamiento de sus burocracias, los obstáculos sindicales y el virus se unieron para hacer evidente que la cultura en México no se ha puesto al día y sólo sirve en esquemas habituales de consumo. Así, el 2020 ha sido un verdadero desastre para todo el sector, sin que al gobierno en turno parezca importarle. Es curioso que dentro del magno “proyecto Chapultepec” se contemple la apertura de más museos, cuando los que hoy existen permanecen en el abandono y no son capaces de ofrecer nuevas opciones.Entre las entidades que le han quedado a deber mucho no sólo a su público, sino a quienes dependen de ellas para generar su trabajo, destaca la UNAM, que tiene a su cargo muy relevantes archivos que han permanecido clausurados sin ningún tipo de acceso. Una tragedia y un escándalo. Información que no ha sido digitalizada y que, contrario a lo que sucede en organismos comparables alrededor del mundo, simplemente no están en Internet. Así, gran parte de los materiales de la Biblioteca Nacional de México han quedado enclaustrados. Si en tiempos normales Enrique Serna ya había dado cuenta de la pesadilla burocrática que es la encargada de regentear el acervo cultural de la UNAM, no sorprende que en tiempos de emergencia la institución haya cerrado sus puertas “hasta nuevo aviso”.Hace poco, Jorge Volpi profetizó “que la otra parte de nuestra salvación depende de la cultura”, aunque reconoció que “arrinconar a la cultura, como se ha hecho hasta ahora, es otro crimen”. Es acertado el diagnóstico del coordinador de Difusión Cultural de la máxima casa de estudios, aunque se extraña un poco de autocrítica en la comisión por omisión de ese atentado.Cuando algunos intelectuales exigen que el legado de Octavio Paz debe tener por destino final la UNAM o algún otro ente oficial, quizá por ingenuidad, están condenando al poeta al olvido. Si en tiempos ordinarios acervos como los de Efraín Huerta, Rafael Heliodoro Valle o Alfonso Caso estaban sujetos a las veleidades típicas de nuestra Universidad, hoy, tristemente, forman parte del enorme archivo muerto de los llamados “fondos reservados”. Bien decía Elena Garro que “la culpa es de los tlaxcaltecas”, por eso ella vendió oportunamente sus papeles a Princeton, donde permanecen bien clasificados y consultables.",Otra vez los tlaxcaltecas,http://www.eluniversal.com.mx/opinion/angel-gilberto-adame/otra-vez-los-tlaxcaltecas,eluniversal,www.eluniversal.com.mx,2,289
b742949fab022e45236fcd8f46bfc8f4,"Uno de los impactos más graves de la crisis económica del Covid-19 es la pérdida de empleos formales, principalmente en la Ciudad de México y Quintana Roo, donde se reportaron dos de cada tres plazas eliminadas de enero a noviembre de 2020.En los primeros 11 meses de 2020 se perdieron 369 mil 890 plazas en la economía formal, según datos más recientes del número de trabajadores adscritos al IMSS, lo que significó una contracción de 1.8% respecto a diciembre de 2019.En 25 de las 32 entidades hubo disminuciones en el número de trabajadores de enero a noviembre, entre las cuales destaca la capital, con una destrucción de 160 mil 323 empleos formales. También lee: Creció empleo en restaurantes y hoteles durante noviembreLe sigue Quintana Roo, con 93 mil 109 puestos. Ambas entidades concentran 69% de los puestos eliminados de enero a noviembre de 2020.La economía de la Ciudad se caracteriza por concentrarse en actividades relacionadas con servicios, por lo que la mayor parte de los empleos formales eliminados correspondieron al sector de servicios para empresas, personas y el hogar, seguidos del comercio.Por su parte, Quintana Roo se vio afectado por el desplome del turismo, lo que trajo una caída del empleo formal de 20.1% en noviembre pasado respecto a diciembre de 2019, la mayor contracción proporcional a nivel nacional. Las principales pérdidas fueron en las actividades relacionadas con hospedaje, transporte y servicios de preparación de alimentos. También lee: Disminuir pobreza laboral será uno de los grandes desafíos para 2021: CEEF Otras entidades que reportaron altos niveles de pérdida de empleo formal fueron Puebla, con 33 mil 504 plazas, lo que significó una contracción de 5.3%; Veracruz, con 25 mil 549 puestos y con una baja de 3.4%, así como Guanajuato, con 20 mil 779 empleos destruidos, 2.1% menos respecto al cierre de 2019.En Puebla y Guanajuato el problema de la desocupación se vio atenuado por el importante peso que tiene su industria automotriz, sector que desde mediados del año anterior volvió a la actividad productiva, favoreciendo la generación de empleo; sin embargo, esa industria no ha sido capaz de compensar la pérdida de empleos registrada en el sector servicios y otros.En sexto lugar se encuentra Yucatán, donde se eliminaron 16 mil 847 plazas de diciembre de 2019 a noviembre de 2020, lo que significó una contracción de 4.4%. Le sigue Guerrero, con 11 mil 823 plazas y una caída de 7.4% (la segunda mayor baja entre los estados), así como Sinaloa, con 11 mil 545 empleos menos, una disminución de 2.0%. También lee: Por desempleo, mexicanos retiraron de Afore más de 18 mil mdp en 11 mesesPor el contrario, hubo siete entidades que lograron un saldo positivo laboral en los primeros 11 meses del año, entre las que destaca Baja California, con la generación de 46 mil 354 empleos, un incremento de 5.2% en comparación con los existentes al cierre del año pasado.En segundo lugar se encuentra Chihuahua, con una creación de 22 mil 584 puestos nuevos, y le siguen Tabasco, con 5 mil 602 plazas; Nuevo León, con 2 mil 590; Durango, con mil 231; Michoacán, con 501, y Sonora, con 346 plazas más respecto a diciembre de 2019.Para todo 2020 se estima que la pérdida total de empleos en el país ascendió a 820 mil plazas formales, de acuerdo con los resultados más recientes de la encuesta de expectativas de los especialistas en economía del sector privado que lleva a cabo el Banco de México (Banxico).De confirmarse dicha proyección, sólo en diciembre se habrían eliminado 450 mil puestos adicionales, como estacionalmente ocurre al cierre de cada año, profundizando la crisis que enfrenta el mercado laboral.",en cdmx y qroo dos de cada tres empleos perdidos durante 2020,http://www.eluniversal.com.mx/cartera/en-cdmx-y-qroo-dos-de-cada-tres-empleos-perdidos-durante-2020,eluniversal,www.eluniversal.com.mx,7,296
b0d555c41240deea3a4ae22bc4f129e4,"Tlalnepantla, Méx.- Policías de la Secretaría de Seguridad del Estado de México detuvieron a dos mujeres y dos hombres, presuntos familiares de una niña de cinco años de edad, que fue sustraída de manera ilegal de un albergue público en Tultitlán, informaron autoridades de la SSEM.La titular de la Procuraduría del Sistema Nacional para el Desarrollo Integral de la Familia (DIF) en este municipio informó a la Secretaría de Seguridad que la pequeña cuyos antecedentes refieren abusos sexuales, aparentemente perpetrados por parte de su padrastro, fue sustraída ilegalmente de la Unidad Morelos en Tultitlán, el pasado 29 de diciembre.Por la sustracción de la niña de 5 años autoridades mexiquenses emitieron un boletín de urgencia, del programa Odisea para localizar a la pequeña.Autoridades mexiquenses detectaron el domicilio al que fue llevada, ubicado en la calle Olmecas, sin número, en la colonia Cuauhtémoc.También lee: Fallece el sacerdote Pedro Gutiérrez, fundador del albergue “Ciudad de los Niños”En el lugar, policías estatales realizaron un operativo, donde los uniformados estatales observaron el instante en que dos mujeres y dos hombres llegaron junto con la niña a dicho domicilio.En ese momento, los policías estatales aseguraron que “informaron el motivo de su detención y luego de leer los derechos que la ley otorga fueron detenidos, sin embargo, intentaron poner resistencia, pero tras controlar la situación se llevó a cabo su traslado a la agencia del Ministerio Público correspondiente, donde se definirá su situación jurídica”.apr/acmr",detienen familiares que se llevaron nina de albergue,https://www.eluniversal.com.mx/metropoli/detienen-familiares-que-se-llevaron-nina-de-albergue,eluniversal,www.eluniversal.com.mx,5,128
