body,title,url
"

Ayer circuló en redes sociales una fotografía del subsecretario de Prevención y Promoción de la Salud, Hugo López-Gatell Ramírez, en un restaurante presuntamente ubicado en la playa de Zipolite, Oaxaca. Fue el pasado 29 de diciembre la última aparición del funcionario, durante el Pulso de la Salud; después, el 31 de diciembre, el periodista Salvador García Soto mostró una fotografía en la que se veía al subsecretario en un avión comercial hablando por teléfono y sin cubrebocas, sin embargo, la dependencia federal, encabezada por Jorge Alcocer Varela, no hizo ninguna declaración. Hasta anoche, el gobierno seguía sin dar explicaciones. El que calla otorga. ¿Con qué cara el funcionario le pide a los mexicanos que se queden en casa si él mismo anda de paseo en la playa? Y si no es así, ¿en dónde anda López-Gatell? Una explicación es necesaria.

Ebrard ante los diplomáticos

Desde Cancillería nos comentan que no tienen de qué preocuparse los diplomáticos que estaban inconformes de que no podrían comunicarse con el secretario Marcelo Ebrard en la reunión virtual de embajadores y cónsules de México acreditados en el exterior, en cuyo discurso de apertura se prevé que congregue a 250 embajadores, cónsules y funcionarios de oficinas centrales. El canciller estará, nos dicen, en conferencias virtuales regionales que serán el espacio donde se dará el diálogo. Quien quiera decir algo podrá hacerlo, nos dicen.

Las primeras medidas de Arriola

Este lunes 4 de enero, Mikel Arriola tomará posesión oficialmente de la Presidencia Ejecutiva de la Liga BBVA MX, luego de ser elegido por la Asamblea de Dueños del pasado 7 de diciembre. El nuevo capitán de la Liga Mexicana de Futbol comenzará su gestión visitando a los 18 clubes para escuchar sus necesidades y luego trazar la hoja de ruta de los cambios que necesita el balompié nacional. El exdirector del IMSS y extitular de Cofepris, nos dicen, sabe muy bien cuáles deben ser los protocolos necesarios para rescatar la actividad económica sin arriesgar demasiado.

Ni los ven ni los oyen

Al más puro estilo de Carlos Salinas de Gortari de “ni los veo, ni los oigo”, nos comentan que Citlalli Hernández, secretaria general de Morena, busca ignorar a sus opositores en las benditas redes sociales durante el periodo electoral. Nos detallan que ayer en su cuenta de Twitter, la dirigente morenista deseó que aquellos que calificó como “odiadores de derecha” en redes sociales encuentren paz en 2021, y pidió a sus compañeros no hacerles caso. “Por nuestra parte, subamos el nivel de debate y argumentos”. ¿Elevar el debate es ignorar?
",En dónde anda López-Gatell,http://www.eluniversal.com.mx/opinion/periodistas-el-universal/en-donde-anda-lopez-gatell
"

La Zona Metroplitana del Valle de México se encuentra a 271 hospitalizados de cumplir el escenario medio de 8 mil 907 camas ocupadas, según las proyecciones actuales del modelo epidemiológico del gobierno capitalino.

Hasta el 2 de enero se registraron 8 mil 636 internados, es decir, una ocupación de 79%; sin embargo, de seguir con la tendencia de 100 hospitalizados al día, el 6 de enero se tendrá 8 mil 907 camas con pacientes.

La disponibilidad hasta el sábado fue de mil 647 camas, de las cuales 411 son para terapia intensiva en todas las instituciones de salud. La Secretaría de Marina es la única que ya no tiene lugares en sus nosocomios.

La Agencia Digital de Innovación Pública (ADIP) adelantó que si los contagios no se detenían y persistía la tendencia de los internados diarios, se registrarán 9 mil 512 hospitalizados el siguiente 11 de enero, por lo que sería el escenario más alto de hospitalizados en la capital.
 También lee: Con carteles, pantallas fijas y móviles Ixtapaluca inicia campaña masiva sobre Covid-19

El pasado 28 de diciembre, la jefa del Gobierno local, Claudia Sheinbaum Pardo, precisó que entre el Estado de México y la capital del país, en todas las instituciones de salud públicas, se tendrán a principios de este mes 10 mil 457 camas: “Esto no significa que debamos sentirnos que todo va bien, sino más bien que gracias a esta disminución de la movilidad se espera llegar a un límite máximo, como fue igual en el caso de mayo y como ocurre en otras ciudades del mundo”, advirtió.

Personal de salud

De acuerdo con el Portal de Datos Abiertos, hasta el corte del 25 de diciembre han fallecido a causa del coronavirus 154 médicos de todas las instituciones de salud de la Ciudad de México.

Del total, 52 tenían entre 61 y 70 años de edad; 39 tenían una edad de 51 a 60 años, y el resto de 30 a 50 años de edad.

Además, han muerto 136 personas que laboraban en nosocomios de la capital, principalmente de limpieza, así como 52 enfermeras y 12 laboratoristas.
 También lee: Acumula el país 126 mil 851 decesos y un millón 443 mil casos

Por separado, la jefa de Gobierno de la Ciudad de México informó que hasta la fecha han sido vacunados contra el coronavirus 28 mil 30 trabajadores de la salud de todas las instituciones.

En redes sociales, la mandataria capitalina mencionó que la Secretaría de Salud (Ssa) federal, en conjunto con la dependencia capitalina, le informaron que avanza positivamente el programa de vacunación del personal que integra la primera línea contra el Covid-19.
",,http://www.eluniversal.com.mx/metropoli/zona-metropolitana-271-camas-del-tope-hospitalario-lo-estiman-para-el-11-de-enero
"
El reinado de Poniente ha llegado a su fin ""Game of Thrones"" ha dejado de ser la serie más pirateada del año. En un 2020 marcado por la pandemia del coronavirus, fue también el primer año sin la ficción de HBO, lo que significaba que otra tenía posibilidades de sucederle en el podio y la que tiene el dudoso honor ha sido ""The Mandalorian"". La producción de Star Wars ha logrado desbancar al universo creado por George R.R. Martin.
La ficción creada por Jon Favreau y lanzada en Disney+ ocupó el primer lugar en la lista de TorrentFreak de las series más descargadas en BitTorrent de 2020, seguida por ""The Boys"", una de las series de mayor éxito de Amazon Prime Video. La medalla de bronce sería ya para otra producción de HBO, ""Westworld"".
Cuando ""Game of Thrones"" emitió su octava y última temporada en 2019, ""The Mandalorian"", que ese año estrenó su primera temporada, ocupó el puesto número tres de TorrentFreak, mientras que la serie de HBO siguió imbatible en el primer puesto, como lo había sido durante varios años. En este pasado 2020, ""Game of Thrones"" no estuvo siquiera en el top 10.
También lee: Mark Hamill defiende el final de ""The Mandalorian"" 
Según la lista facilitada por TorrrentFreak, ninguna ficción de televisión en abierto está entre las más pirateadas, siendo las producciones de plataformas en streaming y de canales de cable y pago las que dominan los diez primeros puestos. Aquí está la lista, con la cadena que emite la ficción en Estados Unidos:
1.- The Mandalorian (Disney+)
2.- The Boys (Amazon Prime Video)
3.- Westworld (HBO)
4.- Vikingos (Canal Historia)
5.- Star Trek: Picard (CBS All Access)
6.- Ricky y Morty (Adult Swim)
7.- The Walking Dead (AMC)
8.- El visitante (HBO)
9.- Arrow (The CW)
10.- The Flash (The CW)

rad 
",,https://www.eluniversal.com.mx/espectaculos/mandalorian-supera-game-thrones-como-la-serie-mas-pirateada
"

Los primeros días de enero no son sencillos para columnistas, editorialistas y otros opinadores diversos. Poco ha pasado en las dos semanas previas y, salvo excepciones, no hay tema obvio para llenar la cuota de palabras. Peor: el calendario vacacional es flexible y más en pandemia. Para el cuatro de enero, todavía hay muchos por allí sin ganas de enterarse de gran cosa.

¿Qué hacer entonces? ¿De qué escribir cuando la pluma ha perdido cancha y la República sigue en la modorra navideña? Van algunas posibilidades:

1. Uno puede, como lo escribí hace unos años en una columna sobre cómo escribir columnas de fin de año, cancelar el calendario, asumir que enero es junio y componer una pieza sobre la obsesión temática favorita: la inflación, los homicidios, la relación con Estados Unidos o la probable agenda legislativa en el próximo periodo de sesiones. Nadie va a leer el texto, pero uno se queda con la satisfacción de haber contribuido a la discusión pública.

2. Otra posibilidad es darle rienda suelta al Nostradamus interior y lanzar pronósticos del año. Después de 2020, esto parece una ruta de alto riesgo: el virus nos hizo quedar mal a todos los que le jugamos a la pitonisa hace un año. Pero, con esa experiencia a cuestas, uno puede cubrirse con lenguaje prodigiosamente ambiguo para no quedar mal (algo así como “la resolución gradual de la pandemia conducirá a un replanteamiento de las prioridades de algunos actores económicos”). Eso, u optar por la técnica López-Gatell de decir que nunca se dijo lo que sí se dijo, así esté la declaración en audio y video.

3. En año no pandémico, puede uno optar por el reporte vacacional. Esto consiste en describir las maravillas paisajísticas, arquitectónicas o gastronómicas que uno pudo gozar en vacaciones (y el lector no), todo espolvoreado con una pizca de análisis político o sociológico sobre el país, región o ciudad en cuestión (estas son las columnas del género “Lo que me contó un taxista neoyorquino sobre Donald Trump”). En este año, en estas condiciones, está claro que no se puede y no se debe, salvo que uno quiera acabar con apodo compuesto por el signo de número, la palabra Lord o Lady (en rigurosa mayúscula), y el nombre del destino escogido.

4. En sustitución, es posible narrar lo que no se hizo en este año, las celebraciones que no se realizaron, la Navidad ermitaña y el encuentro por zoom. Esto puede permitir una reflexión sobre todo lo que perdió en 2020 y lo que se espera recuperar en 2021. No está mal, pero se sugiere evitar el género, si la solitaria festividad descrita se realizó presencialmente con siete tíos y 18 primos, --de los que “se cuidan mucho”, usan cubrebocas, pero se lo quitan al segundo tequila, y son adictos a Facebook o Instagram.

5. También, uno puede tratar de demostrar cultura y erudición, y hacer una lista de los libros leídos y las películas vistas durante las vacaciones. Es buena idea haber leído los libros o visto las películas que se recomiendan, pero no es requisito indispensable. Un subgénero similar es la columna de trozos: se escoge un libro, se seleccionan 10 a 12 fragmentos, se copian o se transcriben, y habemus columna. No es mala idea, pero se recomienda usarlo con parsimonia: es la demostración perfecta de que lo que hacemos en estas páginas puede muy bien ser hecho por máquinas.

6. La última posibilidad es escribir una columna sobre cómo escribir una columna de principios de año. No gana uno lectores, pero tal vez divierta a los que lleguen.

Feliz año nuevo.

[email protected]
Twitter: @ahope71
",Para escribir la primera columna del año,http://www.eluniversal.com.mx/opinion/alejandro-hope/para-escribir-la-primera-columna-del-ano
"
El artista puertorriqueño Ricky Martin será reconocido por su trayectoria filantrópica durante la primera entrega de los Premios Internacionales de la Paz, el próximo 17 de enero, informó este lunes la organización sin fines de lucro PeaceTech Lab, fundada por el Instituto de la Paz de Estados Unidos, y a cargo del evento.
Martin formará parte de un selecto grupo de líderes de opinión y gestores de cambio, que incluyen al epidemiólogo jefe de Estados Unidos, Anthony Fauci, que serán homenajeados por tener en común ""construir un mundo más equitativo y en paz"",
""Ricky Martin nunca se ha sentado a disfrutar de la justa recompensa que se ha ganado siendo uno de los artistas más famosos a nivel mundial sin mirar a su alrededor con un profundo compromiso social"", expresó en el comunicado Sheldon Himelfarb, presidente y director ejecutivo de PeaceTech Lab.

También lee: A Rebecca de Alba no le sorprendió que Ricky Martin fuera gay

Según reconoció Himelfarb, a Martin lo ha observado ""trabajar arduamente a través de su fundación"" -que lleva su nombre- ""para acabar con el tráfico humano, especialmente el de niños"", por el que ha realizado varios estudios sobre la trata humana en Puerto Rico.
Igualmente, Himelfarb dijo que Martin se ha convertido ""en el motor de arranque de innumerables campañas solidarias, activar y organizar comunidades, batallar por el respeto de las minorías, responder ante cualquier necesidad y este 2020 lo vimos ocupar su voz, imagen y tiempo para promover el voto hispano y para apoyar de manera concreta a los trabajadores de primera línea de diversos países en la lucha contra la pandemia"".
""Su mérito es invaluable y para nosotros es un honor poder reconocerlo en nuestra ceremonia"", apuntó Himelfarb.
Martin, múltiple ganador de premios internacionales durante su carrera musical, es un filántropo y activista, fundador y presidente de la Fundación Ricky Martin, con la que trabaja arduamente en la lucha contra la trata humana, protegiendo a niños y comunidades vulnerables, así como defendiendo los derechos humanos.

También lee: Ricky Martin planea que su familia crezca aún más

Dirigiendo su fundación, Martin se encargó el año pasado de proveer equipos de protección personal a miles de profesionales de la salud de primera línea contra la covid-19 en más de 50 hospitales de Puerto Rico, República Dominicana y Estados Unidos.
De la misma forma, sigue apoyando a las comunidades en riesgo con ayuda humanitaria y servicios de salud mental, que se han visto incrementados tras la pandemia.
Martin también ha sido reconocido como embajador de Unicef, ha recibido el ""Premio Humanitario"" de Hispanic Federation, el ""Premio de la Cumbre de la Paz"", el reconocimiento de los Premios Nobel de la Paz de la XVII Cumbre Mundial, así como el ""Premio Nacional de Visibilidad"" de la Campaña de Derechos Humanos, entre otros.

Más reconocimientos
Otras figuras que recibirán el reconocimiento a su labor filantrópica durante los Premios Internacionales de la Paz serán la cofundadora del movimiento ""Black Lives Matter"", Opal Tometi, y Fauci, ambos en la lista de la revista ""Time"" de las 100 personas más influyentes del 2020.
También serán reconocidos el jefe amazónico Raoni Metuktire, líder del pueblo Kayapó, ubicado en una reserva protegida de Brasil, y Vint Cerf, conocido como uno de los padres de Internet.

También lee: La ansiedad llevó a Ricky Martin a experimentar con el audio 

La ceremonia, cuya fecha inicial era el 6 de diciembre, también contará con actuaciones musicales del cantautor español Alejandro Sanz, la italiana Laura Pausini, la cantante y actriz venezolana Evaluna Montaner y el colombiano Camilo, entre otros artistas.
PeaceTech Lab es una organización sin fines de lucro, comprometida con el uso de la tecnología, los datos y los medios de comunicación para la prevención de conflictos violentos y para construir comunidades pacíficas y prósperas en todo el mundo. 
al
",,https://www.eluniversal.com.mx/espectaculos/ricky-martin-recibira-homenaje-el-17-de-enero-por-su-obra-filantropica
"
En 2003, Tommy Cook llevó su Chevrolet Camaro 1969 a realizar unas reparaciones menores a un taller mecánico. Desafortunadamente, dicho lugar fue atacado por un grupo de ladrones que se llevaron el coche de Cook
De acuerdo con el reportaje de Free Lance Star, el coche no contaba con el motor en ese momento, ya que estaba desmontado. Los ladrones trajeron una grúa y lo remolcaron fuera del lugar. 
Tommy no perdió esperanzas de reunirse con su coche, pero pasaron más de 17 años sin tener noticias del tema. No obstante, Cook tuvo un golpe de suerte hace unos días, cuando pasó por un mercado de autos usados y un Camaro 1969 atrapó su mirada. 
El color del Camaro era verde lima, pero Tommy le preguntó al vendedor si el color original era naranja. El dueño actual contestó que sí, pero decidió repintarlo por el mal estado en el que estaba. 
Tommy decidió entonces inspeccionar el auto y encontró una de las modificaciones que su Camaro tenía, unos seguros en los asientos traseros que permitían cargar cosas voluminosas sin moverse y eran sumamente raros en la época por ser opcionales. 
Convencido de que era su auto robado, Cook encontró que el número de serie del auto y motor no coincidían, además de que el primero había sido tallado para borrar el original. Tommy apuntó lo que se alcazaba a ver del VIN y llegando a su casa lo buscó en los registros del reporte de robo de hace 17 años. 
Como resultado, encontró que ese Camaro era aquel que le habían robado en 2003, con un nuevo motor, ya que el otro se quedó en el taller antes mencionado. 
Cook contactó a la policía y les dijo que había encontrado su auto robado. Las autoridades se mostraron accesibles con él y, gracias a las pruebas del número de serie, pudieron recuperar el vehículo. 
Tommy aclaró que el vendedor era un hombre inocente que fue víctima de alguien más, por lo que no presentó cargos contra nadie. Según los registros, el auto pasó por cuatro dueños diferentes en los 17 años que estuvo desaparecido.
Ahora, Cook recuperó su Camaro y está en buenas condiciones, especialmente gracias al nuevo motor V8 de 5.7 litros bajo el cofre.

",,https://www.eluniversal.com.mx/autopistas/hombre-encuentra-su-camaro-de-1969-robado-luego-de-17-anos
"

A Manuel Camacho le gustaba hablar de los nudos del sistema político y su metafora ganó fortuna. Este país tiene nudos que no logra deshacer ni cortar. Son ataduras que impiden el correcto desarrollo del proceso político. Hay algunas tan endiabladas cómo el entramado de intereses que permite a Félix Salgado Macedonio volver a presentarse como candidato por Morena, después de haber presidido un fallido gobierno municipal de Acapulco, encumbrado entonces por el PRD, que lo llevó no sólo a perder muchos kilos sino a pedir desesperadamente la intervención de la policía federal. ¿Qué puede ocurrir en Guerrero en los años que vienen si el gobierno lo ocupa alguien que fracasó ostensiblemente en su gestión? Es intrigante que, por las particularidades del sistema de partidos, pueda volver a presentarse como si fuese una novedad y que los guerrerenses crean que existe alguna posibilidad de cambio.

Es un enigma típicamente nacional el por qué la gestión municipal o territorial o el desempeño legislativo pesan tan poco en la carrera política de un individuo. En casi cualquier otro país un desempeño mediocre sería el camino más directo a la jubilación, pero en México todo vuelve a tener un color diferente cuando renacen las ambiciones electorales. Los fracasados que controlan estructuras piden nuevas oportunidades y los viejos enemigos adquieren un nuevo rostro y se presentan como titánicos conversos de las nuevas tesis. Hay que oir en la radio la propaganda del partido religioso que forma parte de la mayoría hablando de la vida; o de los verdes defendiendo la histórica cuarta transformación después de que hicieran de paladines del Pacto por México.

El nivel de cinismo es muy elevado. Se necesitan jugos gástricos enormes para digerir todo eso, o callar prudentemente para no arruinar una carrera ascendente. La izquierda ha demostrado (tanto en su vertiente politica como intelectual) que en materia de servilismo no es muy diferente que otras familias políticas. Por eso entiendo cómo la gente que desde la izquierda ha defendido la regeneración del país (como una tesis deseable) pueda callar como momia ante estas aberraciones. El presidente tiene todo el poder y por tanto no hay en estos momentos condiciones para (en nombre del mal menor) mantener esas alianzas con actores del pasado y los oportunistas de turno. Hay momentos en política en los que se puede sacrificar parte de la coherencia por conseguir un objetivo superior. ¿Pero qué ganan en Guerrero postulando un individuo cuya trayectoria es ampliamente conocida en los últimos 25 años? Ganan poniendo a un personaje que representa una generación que sigue cargando todos los odios y todos los prejuicios de la transición, un personaje que ya litigaba en los tiempos de Zedillo en el Senado y que por tanto, como la mayor parte de los liderazgos de esta cuarta transformación, está mucho más anclado en las batallas de otra época que en el porvenir del país.

El principal nudo es generacional. México no ha logrado una renovación generacional ni con la transición que iniciaron los tecnócratas, ni con los gobiernos panistas mucho menos con el retorno del PRI y ahora la 4T, que nos ofrece a los viejos liderazgos recreados en el discurso presidencial, porque al igual que los priístas de otro tiempo su discurso es repetir lo que el presidente dice. Pero son los mismos de toda la vida. Los mismos. Los resultados serán los mismos, solo cambia el membrete.

 

Analista político.
@leonardocurzio
",Los nudos de México,http://www.eluniversal.com.mx/opinion/leonardo-curzio/los-nudos-de-mexico
"
Los Tigres arrancan su participación en el Clausura 2021 el próximo sábado 9 de enero cuando reciban en el Volán al campeón León.
El equipo de Ricardo Ferretti debuta en el nuevo semestre de la Liga MX en casa, pero con la baja de Javier Aquino.
El futbolista sufrió una lesión que le impedirá salir a la cancha el próximo fin de semana.
Lee también: Jonathan Dos Santos, nuevo fichaje del Querétaro
“Javier Aquino sufre desgarro de tercer grado en el músculo oblicuo izquierdo del abdomen, quedando descartado para el partido del sábado”, escribió el club en sus redes sociales.

REPORTE MÉDICO:
  Javier Aquino sufre desgarro de tercer grado en el músculo oblicuo izquierdo del abdomen, quedando descartado para el partido del sábado.
 Christus Muguerza Hospital Alta Especialidad#PerfilTigre  #EstoEsTigres  pic.twitter.com/8T1od74ND5
 — Club Tigres Oficial  (@TigresOficial) January 4, 2021
 Además, sobre el ecuatoriano Jordan Sierra, el equipo del norte señaló “Jordan Sierra presenta distensión del músculo recto anterior del abdomen, se integra al trabajo físico con pronóstico reservado a evolución”.
 

 @jordansierra55 presenta distensión del músculo recto anterior del abdomen, se integra al trabajo físico con pronóstico reservado a evolución.
 Christus Muguerza Hospital Alta Especialidad#PerfilTigre  #EstoEsTigres  pic.twitter.com/emib4DKX3E
 — Club Tigres Oficial  (@TigresOficial) January 4, 2021
 El duelo entre Tigres y La Fiera de la Jornada 1 del Guardianes 2021 comenzará a las 19:00 horas.

 
  
",,https://www.eluniversal.com.mx/universal-deportes/futbol/javier-aquino-se-pierde-el-arranque-del-clausura-2021-con-tigres
"

Me gustaría tener la más absoluta certeza de que la pandemia terminará y que celebraremos su derrota hacia el final del año: si el 2020 nos tiró, el 2021 tendría que levantarnos. Acumulamos experiencia suficiente para saber que nada podrá volver a ser como antes y aprendimos que las soluciones tendrán que ser distintas. Nuestros catálogos quedaron obsoletos y sería deseable que cobráramos conciencia de ese hecho simple y duro: nada será igual.

Deseo sinceramente que la nostalgia del pasado deje de ser la guía para el futuro, pues quien camina de espaldas acaba tropezando. No digo que rompamos el hilo de la historia —cosa que además sería imposible— sino que aprendamos a vivirla como lo que fue y no como lo que debe seguir siendo, obstinada y tercamente. Querer volver a lo que alguna vez se tuvo o se vivió, por glorioso que haya sido, demerita lo que se está viviendo, nubla el horizonte y cancela la oportunidad de imaginar y construir lo que todavía no existe. Con mayor razón, cuando las circunstancias son inexorablemente diferentes.

Espero que seamos capaces de vencer a nuestros enemigos principales: el miedo, el egoísmo y el encono. Para derrotarlos, las virtudes cardinales de nuestro tiempo han de ser muy similares a las de cualquier otro momento de la historia (el coraje, la prudencia, la justicia y la templanza), pero tomando en cuenta dos diferencias antagónicas: la comunicación global y omnipresente y la ominosa posibilidad de la autodestrucción. El miedo paraliza, en tanto que anticipa el dolor y el sufrimiento que aún no han sucedido y se impone a la esperanza. Los miedosos no pueden ser, al mismo tiempo, solidarios.

Empero, el egoísmo y el encono son adversarios aún más poderosos. El primero privilegia el individualismo, potencia las versiones únicas y bloquea la cooperación con los demás; el segundo anula el diálogo, la comprensión mutua y edifica muros de diferencias irreconciliables. Ambos, hermanados, prohíjan las violencias que no tienen más propósito que impedir la vida ajena para imponer la propia: una sola visión del mundo, sometiendo a quienes opinan, tienen o prefieren algo diferente.

Me parece indispensable que sepamos distinguirlos, porque el año nace con enormes desafíos que podrían agigantarse si no somos capaces de enfrentarlos colectiva y armoniosamente. Por definición, la pandemia es cosa común y sería tan inútil como estúpido querer vencerla de manera individual o buscando sacar provecho de la desventura universal. La más elemental inteligencia aconseja echar mano de todos los medios disponibles —públicos, privados, familiares— para salir de ella lo más pronto posible. Es el sentido común el que nos pide cumplir las reglas básicas para evitar nuevos contagios; sumar todas las fuerzas para obtener y distribuir vacunas; y entrelazar todos los medios disponibles para reactivar la economía. Hay problemas públicos que no tienen soluciones fragmentarias ni parciales: o los abordamos entre todos o nos hundimos.

El año nace, sin embargo, con el sonido de clarines y tambores bélicos. Ancladas entre el pasado antiguo y el pasado más reciente —pero pasado, al fin— las fuerzas políticas se preparan para disputarse la mejor forma de llevarnos hacia atrás: hacia el refrendo del caudillo heroico o la vuelta a la partidocracia, a pesar de que la realidad más evidente nos está gritando que esa ruta nos llevará al abismo.

Me gustaría, en fin, que la gran mayoría despierte del letargo pesimista —plagado de miedo, encono y egoísmo— al que nos llevó el año 2020 y que vuelva a dar una lección de pundonor en este nuevo ciclo, que será definitivo. Que rechacemos con coraje ese pretérito en cualquiera de sus manifestaciones rígidas e inconmovibles y vivamos el 2021 abrazados con sinceridad.
  

Investigador de la Universidad de Guadalajara.
",Brindis por el nuevo año,http://www.eluniversal.com.mx/opinion/mauricio-merino/brindis-por-el-nuevo-ano
"

El gobernador de Nueva York, Andrew Cuomo, dijo este lunes que los hospitales del estado afrontarán multas en cuestión de una semana si no agilizan su vacunación contra la covid-19, tras informar de que en conjunto han inoculado un 46 % de las dosis recibidas y menos de un tercio en el caso de la red pública hospitalaria de la Gran Manzana. 

En su rueda de prensa diaria, Cuomo instó a las autoridades locales y, en concreto, al alcalde de Nueva York, Bill de Blasio, a ""tomarse una responsabilidad personal con sus hospitales"" porque hay un ""problema de gestión y tienen que mover la vacuna más rápido"", para lo que el Departamento de Salud estatal ha establecido tiempos y multas. 

Todos los hospitales neoyorquinos deben utilizar las vacunas que se les ha suministrado antes de que acabe esta semana o enfrentarán multas de hasta 100,000 dólares, y a partir de ahora dispondrán de siete días para inocular los preparados desde la fecha de recibo, o de lo contrario se desviarán las siguientes entregas a hospitales más rápidos, explicó Cuomo. 

De Blasio, por su parte, atribuyó las bajas cifras de los hospitales públicos a los ""retos logísticos"" y al aprendizaje de los sanitarios en una vacuna sin precedentes, pero estimó que en la ciudad se aplicarán ""más de 100,000 vacunas solo esta semana"" y que se irá aumentando el ritmo hasta las 400,000 semanales hacia final de mes. 

En el estado se han administrado unas 275,000 dosis iniciales de las vacunas de casi 900,000 distribuidas, de acuerdo con los Centros de Control y Prevención de Enfermedades (CDC), y solo en la Gran Manzana se han inoculado unas 110.000 dosis, según datos de la Alcaldía. 

Nueva York, como el resto del país, sufre una nueva ola coronavirus coincidiendo con las festividades navideñas, y por primera vez desde mayo se han registrado en el estado más de 8,000 personas hospitalizadas por covid-19, mientras en las últimas 24 horas han fallecido 170 personas, una cifra no vista desde las mismas fechas. 


Lee: ‘Aún no estamos fuera de peligro’; Bill Gates dice qué esperar de la pandemia en 2021


En la primera tanda de vacunaciones el esfuerzo se ha centrado, además de en los hospitales, en las residencias de ancianos a través de un programa federal sobre el que Cuomo ha decidido ""dar un paso y expeditar"" el proceso, porque menos de la mitad de las residencias en todo el estado han administrado a sus residentes la primera dosis. 


""El objetivo es que en las próximas dos semanas todos los residentes de centros de cuidados estén vacunados, y simultáneamente estamos vacunando al personal bajo el programa federal. Se está vacunando a un tercio del personal en tres escalones, en caso de que alguien tenga una reacción alérgica o similar"", explicó. 


Este lunes, el gobernador amplió las categorías de población elegibles para vacunarse a todos los sanitarios que trabajen cara al público, no solo en hospitales y residencias, mientras que el alcalde incluyó en el grupo a trabajadores de puntos de testeo, rastreadores, dentistas o personal médico de la policía, entre otros. 

Estados Unidos, el país más afectado por la pandemia, reporta 20.6 millones de casos confirmados y más de 351,000 fallecidos por la covid-19, de acuerdo con el recuento independiente de la Universidad Johns Hopkins. 

El estado de Nueva York sigue como el más golpeado del país por la pandemia con 38,415 muertos, seguido por Texas (más de 28,000), California (26,638), y Florida (21,987). 
",,https://www.viveusa.mx/bienestar/hospitales-de-nueva-york-afrontaran-multas-si-no-agilizan-vacunacion
"

En 2020, el robo a carrotanques ejecutado a concesionarios y asignatarios del sistema ferroviario mexicano, así como de autotanques (pipas) de Petróleos Mexicanos (Pemex), creció a tal escala que ya iguala al hurto de combustibles con tomas clandestinas en ductos petroleros.

Información de Pemex clasificada como confidencial advierte que los robapipas no sólo compiten con los huachicoleros, sino que en términos del volumen saqueado obtienen las mismas cantidades, sobre todo de gasolinas y diesel.

Información correspondiente al periodo enero-noviembre de 2020 muestra que los delincuentes dedicados a detener mediante el uso de fuerza excesiva los autotanques de Pemex para sustraerles el producto o apropiarse de las unidades, considerados como otra forma de huachicoleo, intensificaron su actividad.

Lo mismo ocurrió con la entrada de combustibles de importación vía férrea, lo que no sólo abrió el apetito de los delincuentes que ahora también roban gasolina y diesel a trenes que llegan del mercado estadounidense, sino que existe un nuevo nicho al huachicoleo de combustibles a partir del año pasado.
 También lee: Pemex cobra a conductores pérdidas por huachicoleo

Entre ambos tipos de hurto, de acuerdo con registros oficiales, se robaron casi 707 mil 266 litros de gasolinas y diesel en el periodo enero-noviembre.

De acuerdo con información del Sistema Institucional de Control de Asuntos Jurídicos de la Dirección Jurídica de Pemex, a la cual EL UNIVERSAL tuvo acceso, entre el 1 de enero y el 30 de noviembre de 2020, estos delincuentes sustrajeron 254 mil 780 litros de combustible deteniendo la marcha de siete trenes, y al mismo tiempo detuvieron 39 pipas en carreteras para apropiarse de 452 mil 486 litros.

Ese volumen es casi de la misma proporción que lo asegurado por robo de hidrocarburo en tomas clandestinas del 1 de enero al 30 de noviembre de 2020, que alcanzó 777 mil 94 litros.

Hasta octubre, cifras oficiales de la petrolera muestran que se registraron 8 mil 919 tomas clandestinas en sus 17 mil 500 kilómetros de su red de ductos.
 También lee: Pemex, víctima de huachicoleo al por mayor

Información de la Unidad de Estadística Jurídica de la Dirección Jurídica de Pemex, con fecha del 16 de diciembre, muestra que por robo de hidrocarburos el daño al patrimonio de la empresa y del país fue casi igual con los siete trenes detenidos y las 39 pipas interceptadas, que con las 9 mil perforaciones ilegales.
 

Mapeo del delito

La petrolera y las autoridades federales, estatales y municipales mapearon las zonas de mayor incidencia, tanto por delito de robo de combustibles a carrotanques y autotanques, como a través de tomas clandestinas.

Aunque la Agencia Reguladora del Transporte Ferroviario (ARTF) todavía no da un peso específico al robo de combustibles transportado en tren en su reporte de seguridad del sistema ferroviario mexicano al primer semestre del año, señala que los concesionarios reportaron 675 robos a trenes, concentrándose en las regiones occidental (Jalisco) y oriental (Estado de México), Tlaxcala y Puebla.

De acuerdo con denuncias, por robo a carrotanques de tren, dos ocurrieron en Guadalajara, Jalisco; una en Salina Cruz, Oaxaca; una en Navojoa, Sonora, y tres en Coatzacoalcos, Veracruz.
 También lee: Aseguran más de 800 litros de combustible ilegal en Chiapas

Del robo por autotanque, la mayor cantidad de delitos se presentó en seis municipios de Veracruz —Acayucan, Coatzacoalcos, Córdoba, Xalapa, Poza Rica de Hidalgo y Veracruz—, para 15 incidentes, y le siguieron municipios de Jalisco, Guanajuato, Tamaulipas y Nuevo León con tres cada uno y con dos está Baja California y Colima.

Con robo a pipa de Pemex figuran Chihuahua, Estado de México, Michoacán, Morelos, Puebla, Querétaro, San Luis Potosí y Sinaloa.
",,http://www.eluniversal.com.mx/cartera/robo-de-gasolinas-en-pipas-de-pemex-iguala-al-huachicoleo
"

La contienda interna en Morena por las candidaturas a gobernador, son prueba de que la realidad, una vez más, contraviene al discurso de López Obrador. Al fundar su partido, lo presentó como uno realmente distinto a los demás (ya incluido el PRD), en el que predominaría la ética, la transparencia y la rectitud: “(Morena) deberá ser diferente a los (partidos) existentes; si no, ¿para qué hacerlo? En cualquier configuración, Morena debe convertirse en un referente moral”, dijo en ese entonces. También señaló durante el Consejo Nacional del partido, ya en 2017: “Mucha gente ve que Morena ha crecido tanto que voltean a ver al partido como una idea de los puestos y los cargos, y lo que nosotros queremos… es que la gente quiera servir realmente a transformar el país” (2/IV/17). Amlo decidió abrir de par en par las puertas del partido a cambio de que aportaran algo (capital político, electores, fondos). “Las puertas de Morena están abiertas a mujeres y hombres de buena voluntad”, de todos los partidos desde luego (17/V/17). Pero junto con los de “buena voluntad”, entraron muchos otros buscando posiciones.  
 Como cabía esperar, la mayoría de políticos del nuevo partido buscan cargos, y hacen lo que convenga para conseguirlos. Casi todos los de Morena (incluyendo Amlo) abandonaron su partido original cuando no lograron el cargo o candidatura deseada. Justo en ese momento descubren que su antiguo partido se ha apartado de sus prístinos valores y que, por congruencia, buscarán nuevas trincheras (como recién lo ha hecho quien será candidata de Morena en Nuevo León). Y ahora, cuando pierden, aún en los procesos internos, alegan fraude. Eso de no reconocer las derrotas es una impronta puesta por el propio fundador. Uno de los apologistas del partido, John Ackerman, confiaba entonces en que los oportunistas no tendrían posibilidades de escalar con facilidad (pensaba en Miguel Ángel Barbosa): “El hecho de que algunos de estos personajes han firmado el pacto de unidad hacia 2018 no implica que serán candidatos de nuevo... Se han subido muy tarde al barco de la esperanza y tendrán que esperar en la fila o, en su caso, demostrar por medio de un sólido trabajo cotidiano y un claro ejemplo de rectitud que merecen encarnar el proyecto de Morena…” (“Un chapulín no hace verano”, La Jornada, 24/IV/17).  
 Ackerman justo acaba de comprobar que las cosas no son así, y acusa a Félix Salgado Macedonio de haber saltado al partido hasta el final, en tanto que su cuñado Amílcar Sandoval lo construyó desde su origen. Y  explica lo que considera un fraude por “presiones de parte de sectores mafiosos incrustados en Morena, temerosos de perder sus privilegios y negocios”. (30/XII/20). Parece Amlo hablando del PRIANRD, y reconoce que el salto de un partido a otro no garantiza la purificación de los migrantes. Si “un chapulín no hace verano”, varios sí lo hacen. Pero el cambio de siglas puede ser políticamente muy eficaz; millones creen que eso garantiza un partido fresco y novedoso, ubicado más allá del bien y del mal, aunque sus integrantes sean los mismos de siempre.  
 Hay desde luego antecedentes de la práctica de las encuestas internas como método de selección poco confiable. Recordemos la encuesta por la que se decidió como candidata a la capital a Claudia Sheinbaum por encima de Ricardo Monreal, quien acusó un burdo fraude (y había elementos para suponerlo). Sin renunciar al partido, exploró la posibilidad de ser el candidato del Frente por México para la capital. Al no cuajar esa posibilidad, aceptó quedarse en Morena como senador. La heterogeneidad ideológica de este partido (que va de comunistas al yunque panista) y su poca institucionalidad, nos lleva a varios a proyectar como escenario probable que cuando llegue el ocaso político de Amlo, los alfileres que mantienen unido a Morena caerán, dando pie a graves confrontaciones y fracturas.  
 

Profesor afiliado del CIDE.
@JACrespo1
",Los fraudes internos de Morena,http://www.eluniversal.com.mx/opinion/jose-antonio-crespo/los-fraudes-internos-de-morena
"
Juan Reynoso definió como: “Un sueño hecho realidad”, el tener la oportunidad de ser elegido como el  nuevo director técnico del Cruz Azul.
Puede que  el sueño se haya hecho realidad, pero éste viene cargado de obligaciones y  de un intento por romper maldiciones. Juan Máximo Reynoso, quien fue parte del plantel que ganó el tan recordado título de Invierno 1997, tiene la misión de salir campeón y así convertirse en el primer exjugador de La Máquina que pueda, como técnico, ganar un campeonato, algo que muchos  han intentado, y nadie ha logrado... Todavía.
Ni los históricos que dominaron la década de los 70 pudieron, y vaya que pasaron por el banco leyendas de la magnitud de Miguel Marín, Héctor Pulido —quien disputó una final en la 1986-87 en contra del Guadalajara—, Alberto Quintano, Jesús del Muro y en cuatro ocasiones Enrique Meza, quien también dirigió una serie por el título, sin lograr el objetivo (Apertura 2009, frente al Monterrey).  
Lee también: Cruz Azul recibe a Juan Reynoso en medio del ridículo
Vinieron otras generaciones de exjugadores cementeros, como Rubén Omar Romano, Benjamín Galindo —quien tampoco pudo coronarse tras haber llegado a la final del Apertura 2008 ante Toluca—, siendo el más reciente Robert Dante Siboldi.
Joaquín Moreno, también campeón como jugador en el Invierno 97, ha sido técnico del equipo, pero de forma interina.
Así, Juan Reynoso tiene varias misiones que cumplir: la principal, ser campeón, pero también demostrar que los exjugadores de Cruz Azul pueden romper esa maldición.

 
 ",,http://www.eluniversal.com.mx/universal-deportes/futbol/cruz-azul-ningun-exjugador-ha-hecho-campeon-al-equipo-como-dt
"

La emergencia en el Reino Unido y en Sudáfrica de sendas variantes del virus SARS-CoV-2 preocupa a la comunidad internacional puesto que, según los primeros datos, son más contagiosas.

Todos los virus mutan, es decir, se modifican cuando se replican.

El SARS-CoV-2 ha sufrido múltiples variaciones desde su aparición, pero en general éstas no han tenido consecuencias. Algunas mutaciones sin embargo pueden favorecer su sobrevivencia, por ejemplo, si logra un mayor contagio.

La variante B.1.1.7, llamada ahora VOC 202012/01, fue detectada en noviembre en el Reino Unido, tras desarrollarse ""probablemente"" en septiembre en el sureste de Inglaterra, según el Imperial College de Londres.

Tras propagarse rápidamente en ese país, esta variante fue detectada en otras decenas de países, desde Estados Unidos hasta Corea del Sur, pasando por India, Francia y Dinamarca.

La mayoría de los casos fueron importados del Reino Unido pero algunos no tienen ninguna relación probada con ese país, como es el caso de Dinamarca, con 86 pacientes identificados.

La variante 501.V2, ahora mayoritaria en Sudáfrica, fue detectada allí en octubre y ha sido localizada en otros países como el Reino Unido y Francia.

Según los expertos, el número de casos de ambas variantes está por ahora subestimado.


Visita: Detectan en Colorado el primer caso de cepa británica en EU


Las dos presentan varias mutaciones de las cuales una, la N501Y, afecta a la proteína ""spike"" del coronavirus, una punta que sirve para pegarse al receptor ACE2 de las células humanas y penetrar en ellas.

Esta mutación aumenta las capacidades de adhesión del virus al receptor ACE2. Y aunque ""no hay ninguna relación claramente establecida entre la adhesión al ACE2 y una mayor transmisión, es posible que esta exista"", de acuerdo al Centro Europeo de Prevención y Control de Enfermedades (ECDC).

Varios estudios científicos, basados sobre todo en estudios de modelos y todavía no evaluados por otros expertos en acuerdo al protocolo científico, concluyen que la variante británica es mucho más transmisible, cosa que confirma la evaluación inicial del grupo de investigadores NERVTAG, que asesora al gobierno británico y que estimó la diferencia entre +50% y +70%.

Así, según los cálculos de la London School of Hygiene and Tropical Medicine (LSHTM), la variante británica sería entre 50-74% más contagiosa. Para el Imperial College de Londres, que analizó miles de genomas del virus SARS-CoV-2, la capacidad de contagio es entre 50-75% mayor y la tasa de reproducción (R) es de entre 0,4 y 0,7 superior al virus habitual.

Las conclusiones preliminares sobre la variante sudafricana también dan cuenta de una mayor transmisión, pero hay menos datos disponibles.

A falta de resultados concluyentes, algunos expertos se muestran cautos.


""Hay que ser prudentes. La incidencia es una combinación de factores que tiene en cuenta las características del virus pero también las medidas de prevención y de control aplicadas"" para luchar contra covid-19, indica a la AFP Bruno Coignard, director de enfermedades infecciosas de la agencia sanitaria francesa Santé Publique France.



""Ninguna información disponible indica que las infecciones de estas cepas sean más graves"", según el ECDC. Pero el riesgo ""es elevado en términos de hospitalizaciones y muertes"".



Y es que ""una mayor contagiosidad equivale eventualmente a una incidencia mucho más fuerte y por lo tanto a una presión más importante sobre el sistema sanitario aunque la letalidad (de las variantes) sea la misma"", según Coignard.


Una variante del SARS-CoV-2 que fuera ""un 50% más transmisible supondría un mayor problema que una variante 50% más mortal"", indica en Twitter el epidemiólogo británico Adam Kucharski, valiéndose de una demostración estadística: con una tasa de reproducción de 1,1, una tasa de mortalidad de 0,8% y 10.000 personas infectadas, al cabo de un mes se producirían 129 muertes. Pero si la tasa de contagio aumentara el 50%, el número de decesos se elevaría a 978.

Por otro lado, los primeros estudios sobre la variante británica apuntan a que es más contagiosa entre los jóvenes menores de 20 años que la cepa habitual, lo que plantea la cuestión del cierre de las escuelas.

El estudio de la LSHTM estima así que las medidas tomadas en noviembre durante el confinamiento en el Reino Unido no serían eficaces para controlar la epidemia, a ""menos de que se cerraran también escuelas, institutos y universidades"". 


""Por ahora, no disponemos de suficiente información para decir"" que estas variantes suponen ""un riesgo para la eficacia de las vacunas"", estima el ECDC.


Con los datos disponibles, ""los expertos creen que las vacunas actuales serán eficaces contra estas cepas"", declaró por su parte el miércoles Henry Walke, de los Centros de Prevención y Lucha contra las Enfermedades de Estados Unidos.

Sin embargo, la variante sudafricana parece suscitar más interrogantes que la británica.

Una mutación específica presente en la sudafricana pero no en la británica podría teóricamente ""ayudar"" al virus a ""sortear la protección inmunitaria adquirida por una infección anterior o la vacunación"", explicó el lunes el doctor François Balloux, del University College de Londres, citado por el organismo británico Science Media Centre.

Sin embargo, nada indica por ahora que esta mutación baste para que la variante sudafricana resista a las vacunas actuales, según Balloux.

El laboratorio alemán BioNTech, creador junto a Pfizer de la primera vacuna contra el covid-19 autorizada en el mundo, aseguró que de ser necesario podría proveer un nuevo producto en ""seis semanas"" para responder a una mutación.

A falta de poder impedir la propagación de estas variantes, el objetivo es ""retrasarlas"" al máximo, según Coignard.

El ECDC recomienda a los países afectados tomar medidas similares a las del principio de la pandemia, como la limitación de viajes y los tests a personas provenientes de zonas de riesgo. Pide además controlar la incidencia de estas variantes, multiplicando la secuenciación de los virus.

Algunos tests PCR pueden igualmente sugerir la presencia de la variante británica para proceder después a la secuenciación de la muestra, según el epidemiólogo Arnaud Fontanet, miembro del consejo científico que asesora al gobierno francés.

A nivel individual, ""debemos ser todavía más rigurosos con las medidas de prevención"", según el doctor Walke, en alusión al lavado de manos, el porte de mascarillas, etc.


Más: Médicos de EU aconsejan uso de aerosoles nasales anticovid


 

 

No te pierdas de las últimas noticias de Vive Usa en Google News,  síguenos aquí
",,https://www.viveusa.mx/noticias/que-se-sabe-de-las-dos-nuevas-variantes-del-covid-19
"
Juan Reynoso llega cuando no se puede estar peor en Cruz Azul. El peruano, un defensor central de mucha categoría en su época de futbolista, necesitará todos los recursos que utilizó en el campo para detener las grillas, los embates constantes y el descontrol de un equipo que se encuentra  en medio de una batalla legal, de traiciones y corrupción, de mentiras y de chantajes.
Opciones y más opciones tuvo la nueva dirigencia de la Cooperativa para contratar a un entrenador, ese que perdieron desde el 11 de diciembre, cuando fue criticado y humillado públicamente por el nuevo hombre fuerte de la empresa, Víctor Velázquez, que, junto a José Antonio Marín, la gran pareja de poder de la Cooperativa actual, ha demostrado en tan sólo 22 días que ni la más remota idea tiene de futbol. Iniciaron con Mohamed, pasaron por Almeyda, y cuando ya iban a anunciar a Hugo Sánchez, se dieron cuenta que tenía promotor y que, si pudo colocar a un gobernador en Morelos, era mucho más simple negociar con la inexperta directiva celeste.
Su poco oficio en la industria del futbol les llevó a manosear a entrenadores que si uno revisa a fondo, ninguno tiene un parecido en su estilo de juego. La nueva directiva simplemente fue tomando decisiones consultando con la almohada. Es extraño que Jaime Ordiales, como director deportivo, con la experiencia que tiene, no haya podido controlar a estos dos directivos que, como su antecesor, solamente ven al equipo como un “termómetro” para controlar a un Cooperativa que sigue dividida.
Lee también: Piden ayuda ciudadana en espectaculares para encontrar a 'Billy' Álvarez
Así llegaron a un buen hombre, serio, trabajador y con antecedentes en Cruz Azul. Se cumplieron 23 años de su último título de Liga, pero el aniversario más indecoroso fue el de volver a hacer el ridículo como dirigencia, evidenciando una falta de confianza brutal y cero autonomía en la toma de decisiones en Ordiales, a quien por cierto también le estuvieron buscando reemplazo.
Mientras el sábado por la noche era anunciado en redes sociales que Reynoso tomaría al equipo, por la tarde de ese día apareció en Plaza Santa Teresa el anuncio más patético de la historia de Cruz Azul. Un espectacular con la foto de Billy Álvarez, Víctor Garcés y Federico Sarabia, al estilo viejo oeste con la leyenda: “Se buscan prófugos de la justicia”… Y como si los encargados de Pegazulejo Cruz Azul fueran parte de la Fiscalía de la República, el teléfono para informar sobre el paradero de los fugados es precisamente el de esa dependencia de la Cooperativa. Brutal y contundente demostración de lo que llevan viviendo en esta empresa en los últimos 20 años.
Reynoso entra a la lista de exjugadores del equipo que ahora los dirigen. Ninguno ha podido hacerlo campeón, Miguel Marín, Enrique Meza, Héctor Pulido, Alberto Quintano, Jesús del Muro, Joaquín Moreno (de forma interina), Rubén Omar Romano, Benjamín Galindo y Robert Dante Siboldi no lo lograron. A ver si  el peruano  rompe esta maldita tradición, pero sin el apoyo directivo, y si se van a estar metiendo en todo, el fracaso está anunciado.
Son pocos los exjugadores que le han dado el título a sus exequipos. Hugo Sánchez, Carlos Reinoso, Antonio Mohamed, Francisco Avilán, José Manuel de la Torre, Javier de la Torre, Manuel Lapuente, Miguel Mejía Barón, son de los pocos que pueden presumirlo.
Así que Reynoso contra todo, sus propios directivos inexpertos y la historia de un club que lo han llevado a la altura de la maldición continua.
@gvlo2008
",Cruz Azul recibe a Juan Reynoso en medio del ridículo,http://www.eluniversal.com.mx/opinion/gerardo-velazquez-de-leon/cruz-azul-recibe-juan-reynoso-en-medio-del-ridiculo
"
El cambio de año genera inconscientemente expectativas positivas. Hay en el colectivo un aire esperanzador de transformación y mejora. Es reconfortante tener un nuevo inicio, sobre todo después de un 2020 tan retador. Sin embargo, en este salto de año con pandemia latente, no puede haber espacio para la euforia. Aun cuando la ciencia nos sorprendió a todos con la vacuna más veloz en la historia, el coronavirus sigue aquí.
Los contagios, que inevitablemente incrementarán debido a las fiestas decembrinas, no podrán ser disimulados por la llegada de la vacuna. Aunque se esperan 1.4 millones de dosis para este mes, todas irán justa y necesariamente al personal de salud.
Es duro predecir, pero seguramente estaremos con el covid latente todo el 2021, hasta que logremos la vacunación del grueso de la población. Aplicar una vacuna en cualquier país no es fácil. En uno como el nuestro, con casi 130 millones de habitantes, no será una tarea sencilla.
Por otro lado, la pandemia genera muchos efectos colaterales. Los daños a la economía son inmensos y las posibilidades de recuperación para muchos negocios son nulas. Los apoyos gubernamentales no han llegado (y todo indica que no llegarán) a las micro y pequeñas empresas. Las que no han colapsado aún, podrían hacerlo en este 2021.
En cuanto a la salud mental, no podemos quitar el dedo del renglón. Con el encierro aumentaron considerablemente los casos de ansiedad y depresión, las adicciones encontraron terreno fértil en el confinamiento y la violencia de género se disparó. 
Los retos sociales y económicos en todo el planeta se antojan verdaderamente complicados. No se trata de ser fatalista ni de generar desesperanza desde los primeros días del año, pero sí de enfatizar que, aunque la vacuna ya está aquí, falta mucho para anclar el barco en un puerto seguro.
Enfrentar tantas dificultades será imposible en un país polarizado. No debe haber espacio para mezquindades políticas ni para discursos que dividen. Conviene abrazar este comienzo del 2021 con fuerza, para con esa fuerza seguir enfrentando los problemas que no se han ido. Salimos de la noche más oscura y ya vemos la línea del horizonte. No obstante, aún falta mucho. Necesitamos remar juntos en la misma dirección.
 

@PaolaRojas
",Los retos del 2021,http://www.eluniversal.com.mx/opinion/paola-rojas/los-retos-del-2021
"
A pesar que los registros se cerraron con el inicio del año para el Guardianes 2021, aún hay jugadores en la Liga MX, que pueden cambiar de playera. Y parece que Cruz Azul quiere hacer movimientos.
Según la prensa en Puebla de Los Ángeles, Juan Reynoso se ha puesto en contacto con la directiva de La Franja para hacerse de los servicios del delantero mexicano Santiago Ormeño y el extremo Omar Fernández, quienes tuvieron buenas actuaciones el torneo pasado bajo su mando.
Puedes leer: ""Hay que curar las heridas y recuperar la memoria en Cruz Azul: Juan Reynoso""
Los poblanos se han caracterizado en esta pretemporada en dejar ir a sus figuras, así que no se va nada descabellado. ¿Cómo se daría esto? Los clubes pueden contratar hasta a cuatro jugadores después del cierre de registros, hasta el 31 de enero comocon fecha límite, mismo día en que se cierran las ventanas de contrataciones de invierno en Europa.
El único requisito es que los futbolistas a contratar no hayan tenido minutos con la escuadra en qué esté registrado hasta el momento. El primer jugador involucrado en este caso fue Eduardo Tercero que fue contratado por Tigres estando en Lobos BUAP cuando el torneo ya tenía fechas de inicio. Por eso se llama regla Eduardo Tercero.
 

 
  
",,https://www.eluniversal.com.mx/universal-deportes/futbol/liga-mx-cruz-azul-quiere-quitarle-sus-figuras-al-puebla
"

Hacia la 1:40 de la madrugada, el exgobernador de Jalisco, Jorge Aristóteles Sandoval Díaz, abandonó la mesa en la que se había reunido con tres personas (dos hombres y una mujer) y caminó hacia el baño del restaurante-bar Distrito 5, ubicado en el boulevard principal de Puerto Vallarta.
 Ahí sufrió una agresión directa por la espalda. Las autoridades creen que al menos dos personas lo siguieron hasta el sanitario, y que muy probablemente una de estas era mujer.
 El exgobernador contaba, por ley, con una escolta compuesta por 15 personas. Sin embargo, no traía a todos los elementos consigo: en realidad, estos se hallaban repartidos entre los miembros de su familia. Aquella noche, Sandoval solo iba acompañado de su chofer, quien andaba siempre desarmado, y por uno de sus escoltas.
 Al momento del atentado, solo un guardaespaldas se hallaba cerca de él. El escolta fue detrás de Sandoval hasta el sanitario, y al ocurrir la agresión, abrió fuego. En el intercambio de tiros resultó herido. A pesar de todo, intentó sacar al exgobernador del lugar.
 Fuera de la plaza en la que se halla el Distrito 5 se había desplegado un grupo de alrededor de diez sicarios, dotados con armas largas, cuya misión era rematar a Sandoval en caso de que sobreviviera al ataque dentro del restaurante.
 Cuando el guardaespaldas lo sacaba en andas, apoyado por el chofer —quien había entrado al escuchar los disparos—, los sicarios que aguardaban frente a la plaza hicieron fuego. Los escoltas de una de las personas que acompañaba al exgobernador, presuntamente un empresario, respondieron la agresión: sobrevino la balacera que fue grabada por varias personas a través de teléfonos celulares.
Las autoridades dieron horas después una conferencia con el primer reporte de los hechos. Informaron que Sandoval se había tomado unos días de descanso en Puerto Vallarta a partir del 5 de diciembre; que el 11 hizo un viaje rápido a Guadalajara, y que un día antes del ataque había regresado al puerto, donde se instaló “en algunas habitaciones privadas”, hizo actividades recreativas y empresariales, y se reunió con amigos y familiares.
 Mientras la conferencia se llevaba a cabo, llegaron informes de que el personal del restaurante “había levantado todos los indicios del interior, había limpiado prácticamente la escena del crimen”.
 “El personal del restaurante se deshizo de todos los indicios que estaban en el interior”, indicó el fiscal general del estado, Gerardo Solís. Luego se sabría que se habían retirado “diversos registros audiovisuales” y que incluso “el DVR central de la plaza también se lo llevaron”.
 La forma en que se realizó la ejecución, con el nivel de riesgo que implicó para los autores materiales: llevar a cabo el atentado en un lugar cerrado, en una de las avenidas más transitadas, con más turistas y mayor número de cámaras de vigilancia; el hecho de desaparecer los registros visuales, incluso el central de la plaza, indica el grado de control que el grupo que asesinó a Sandoval posee en el municipio en donde, entre otras cosas, hace unos años fueron secuestrados los hijos del Chapo y en el que en noviembre de 2020 fue secuestrado y asesinado el poderoso empresario inmobiliario Felipe Tomé Velázquez.
 Gobernador entre 2013 y 2018, el priista Aristóteles Sandoval había recibido una primera comunicación del Cártel Jalisco Nueva Generación apenas tomó posesión del cargo. El grupo criminal dejó una carta en el fraccionamiento donde vivía el entonces fiscal Luis Carlos Nájera. En esa carta se le pedía nombrar un conducto mediante el cual ponerse de acuerdo “para trabajar” y se le ofrecía disminuir la delincuencia común en el estado.
 El propio Sandoval relató que no dio respuesta alguna a la comunicación. El CJNG había crecido explosivamente durante el último tramo de la gestión del panista Emilio González Márquez. A la llegada de Sandoval Díaz al gobierno de Jalisco, se había convertido en el grupo criminal dominante en el estado. A solo una semana de la toma de posesión de Sandoval, gatilleros de Nemesio Oseguera, El Mencho, asesinaron al recién nombrado secretario de Turismo, José de Jesús Gallegos. Según uno de los sicarios que participó en el homicidio, El Mencho creía que el funcionario lavaba dinero para otro grupo criminal. “Si lo dejamos… van a entrar a trabajar en nuestra casa como si nada”, dijo.
 Las tensiones entre el nuevo gobierno y el CJNG no hicieron sino crecer. Durante los meses siguientes, la gente del Mencho asesinó a casi un centenar de servidores públicos en diversos municipios jaliscienses. En marzo de 2015, el cártel emboscó a elementos de la Gendarmería y el resultado fue once muertos. Al mes siguiente emboscaron a agentes de la Fuerza Única Regional: 15 elementos perdieron la vida, algunos de ellos calcinados.
 En esos días, un sujeto apodado El Rayo recibió la orden de emboscar al comisionado de Seguridad Pública de Jalisco, Alejandro Solorio. Le atravesaron un tráiler y dos camionetas. Hubo un minuto de tiros y granadazos, pero Solorio logró salir del cerco.
 Dos meses más tarde fue derribado durante el Operativo Jalisco un helicóptero de la Fuerza Aérea, con saldo de nueve efectivos muertos. Ese día se realizaron narcobloqueos en 25 municipios y la entidad entró en “código rojo”.
 Hubo una segunda amenaza contra el entonces gobernador Sandoval, enviada desde un teléfono comprado en un Oxxo. La amenaza iba dirigida a él y a los miembros de su familia. En su primer círculo, dicen que Sandoval la desdeñó.
 Tres años más tarde, cuando el exfiscal Nájera llevaba más de dos años fuera del cargo (le habían ofrecido la Secretaría del Trabajo de Jalisco), sicarios del CJNG lo cazaron a las puertas de un restaurante en la avenida Chapultepec y dispararon en su contra más de cien tiros de AR-15: el exfiscal logró salir con vida. Quedó claro, sin embargo, que los jefes del cártel esperaron el tiempo necesario para acercarse a él.
 Hoy están imputadas por encubrimiento dos mujeres que la noche del asesinato de Sandoval realizaron diversas acciones para alterar la escena, se logró aprehender a un hombre que presuntamente estuvo involucrado en los hechos, se obtuvieron algunas imágenes de la noche en que ocurrió el ataque, y se ubicaron algunos vehículos que tomaron parte en el mismo. Se cateó, también, un departamento ubicado en la misma torre en donde el exgobernador se alojaba, y desde el que posiblemente se le vigiló.
 Pero el mensaje es brutal para todo funcionario de Jalisco. Hay un grupo criminal que no se ha detenido ante nada y no se detendrá. Por eso, castigar el asesinato de Aristóteles Sandoval debe ser una prioridad para las autoridades de todos los niveles de gobierno. 
 

Twitter: @hdemauleon
",El mensaje que deja el asesinato de Aristóteles Sandoval,http://www.eluniversal.com.mx/opinion/hector-de-mauleon/el-mensaje-que-deja-el-asesinato-de-aristoteles-sandoval
"

El año que terminó hizo que, al igual que casi todo el mundo, la industria del entretenimiento se tambaleara: no se estrenaron blockbusters en verano, el teatro bajó el telón y sólo la televisión y los sistemas streaming pudieron beneficiarse en contenidos, pero no en la realización de nuevas producciones.

En el caso de el cine y el teatro, el panorama es alentador, pero sigue siendo incierto, pues depende totalmente de las restricciones sanitarias y la evolución de la pandemia.

Las distribuidoras, exhibidores y productores planean un posible regreso a la “nueva normalidad” a partir del segundo trimestre del año. En nuestro país, los cines en la Ciudad de México y el Estado de México, que aportan casi la mitad de asistentes anuales y concentran dos de cada siete salas en la República, abrirán hasta el próximo 11 de enero.

Todos los entes que brindan entretenimiento se han adaptado. El teatro, la música y el cine planean abrir paulatinamente, pero sin olvidar totalmente la experiencia en casa, que significó un pequeño respiro en 2020. Este es un recuento de lo que vendrá.
 También lee: La mitad de mexicanos consume contenidos por internet: encuesta

Expectativas en grande

Este año el rezago de filmes nacionales y extranjeros es grande por ello, al menos se prevé que lleguen a salas de cine más de 40 películas de gran presupuesto, más las de corte menos comercial, las independientes y aquellas que buscan competir en entregas de premios.
 En el caso de las cintas extranjeras con grandes expectativas están la nueva entrega de James Bond Sin tiempo para morir, Fast and furious 9, Kingsman, la primera misión, Top Gun: Maverick, Cazafantasmas: El legado, Morbious, Venom 2, Godzilla vs. Kong, Un lugar en silencio 2, Minions; el origen de Gru, Space Jam: Un nuevo legado, Halloween Kills, Misión Imposible 7 y una nueva versión de The west side story.
 Los primeros meses del año también el cine nacional estará lleno de estrenos como El mesero con Vadhir Derbez; el filme animado Un rescate de huevitos. Para septiembre planean su llegada a las salas de cine la comedia Me casé con un idiota, protagonizada por Alfonso Herrera y Paulina Gaitán, así como la película ¿Y cómo es él?, la cual es producida por Eugenio Derbez y estelarizada por Mauricio Ochmann y Omar Chaparro.

Series y filmes pelean el mejor sitio en internet
Foto: WARNER/HBO
En el caso de aquellas cintas que se irán directo a streaming están las 17 cintas que Warner Bros. estrenará simultáneamente en la gran pantalla y en la plataforma HBO Max, entre las cuales están Matrix 4, Godzilla vs. Kong, Dune, The Suicide Squad, Tom & Jerry, The conjuring: The devil make me do it, King Richard, In the heighs y Judas and the Black Messiah.
También lee: La demanda que Santaolalla perdió
The Walt Disney Company también lanzará algunas de las cintas live action de sus clásicos animados a su plataforma Disney+, en donde se incluyen títulos como Peter Pan y Wendy, la precuela de Encantada, Cambio de hábito 3, Cruella, Pinocho y La sirenita.
También Netflix tendrá sus lanzamientos exclusivos; para este mes prevé el estreno de la película Madre sólo hay dos, así como la temporada 3 de ¡Nailed it México!
Apple TV prepara el estreno de Estreno del documental Billie Eilish: the world’s a little blurry en febrero, así como de la serie For all man kind, también por este servicio.
En tanto, Amazon alista el debut de Herself, Starzplay la segunda temporada de Pennyworth y Acorn TV la entrega 14 de su clásico Midsomer murders.

 Los melodramas y las series, los protagonistas
Foto: Archivo EL UNIVERSAL
Pese a la crisis, las televisoras retomaron las grabaciones de los proyectos que estrenarán en su pantalla a lo largo de este año. 
También lee: Cristian Castro enamora a Rusia, Italia, España y México con concierto online
En el caso de Televisa, buscará recuperar audiencia con ¿Qué le pasa a mi familia?, producción de Juan Osorio que ha sufrido algunos cambios, entre ellos, el de su protagonista Livia Brito, quien debido a los problemas que tuvo con un paparazzi fue sustituida por Ariadne Díaz. 
También destaca el melodrama ¿Te acuerdas de mí?, con Fátima Molina, quien regresa a la televisión luego de series como Diablero, y lo hace con una telenovela en la que irá de la mano junto a Gabriel Soto. 
Este año será el la celebración de los 70 años de Las Estrellas. El canal estrenará Fuego ardiente, producción de Carlos Moreno, protagonizada por Kuno Becker y Mariana Torres.
Telemundo tiene sus apuestas para este 2021: el estreno las series La Reina del Sur 3, Buscando a Frida y La suerte de Loli, que será una nueva versión de Café con aroma de mujer, así como Malverde, el santo patrón. 
También lee: El año en que regresamos a casa
Televisión Azteca lanzará la segunda parte de su bioserie de HERNÁN.

Sin conciertos con público pero el show continuará
Foto: Archivo EL UNIVERSAL
Por primera vez en la historia de la música, la pandemia ha hecho que miles de shows alrededor del mundo fueran cancelados o pospuestos sin fecha aún definida.
 Los promotores de shows en vivo prevén una vuelta a la normalidad, como la conocíamos, dentro de dos años.
La solución inmediata para no parar la música seguirán siendo, por lo menos en el primer semestre del año, los conciertos vía streaming, algunos con artistas tocando en directo y otros rescatando sus grabaciones de actuaciones recientes para ponerlas a disposición del público por internet.
 El primero de la temporada será Enrique Bunbury, este 23 de enero, con un show en vivo.
También lee: ¿El cierre de salas durante el 2020 cambiará al cine como lo conocemos?
Otra opción han sido los lanzamientos de discos, para acompañar a la gente desde sus casas. Entre los esperados del año están Medicine at midnight de los Foo Fighters, cuyo primer sencillo fue “Shame shame”; Vol.4: Super deluxe de Black Sabbath; Detroit stories de Alice Cooper, y Zoom in del Beatle Ringo Starr. 

Los telones todavía no se pueden levantar
Foto: Archivo EL UNIVERSAL
Será hasta febrero cuando posiblemente el telón teatral de México vuelva a subir, con montajes como A oscuras me da risa, seguido de José, el soñador, que forman parte del plan inicial para el productor Alejandro Gou, quien además tiene pendiente el cierre de temporada de los musicales Hoy no me puedo levantar y Jesucristo superestrella, así como el estreno del musical La escuela del rock.
El productor Juan Torres dejó en el tintero dos obras pequeñas y un musical. De momento, sólo piensa mantener en cartelera a La jaula de las locas, que celebra cinco años, siendo el 2021 el de su adiós definitivo.
“Ahorita levantar un nuevo proyecto, con todo lo que implica y además ya viví con La jaula de las locas, para mí resulta prácticamente imposible, no es algo que quiera hacer, lo haré tal vez cuando las cosas estén mejor, pero no sabemos cuánto va a durar esto o cuándo va a estar toda la población vacunada”, explicó el productor a EL UNIVERSAL.
 
",,http://www.eluniversal.com.mx/espectaculos/lo-imperdible-en-2021-ante-un-panorama-incierto
"

Andrés Manuel López Obrador se metió a fondo en la reforma al sistema de pensiones que comenzó a operar a partir del 1 de enero de 2021. El punto de quiebre fue el tope a las comisiones que cobran las Administradoras de fondos para el retiro (Afores), que a nadie del sector gustó, pero que se terminó imponiendo como decreto presidencial.

Hace dos semana dimos a conocer aquí la renuncia de Carlos Noriega Curtis a la Unidad de Seguros, Pensiones y Fianzas de la Secretaría de Hacienda, la cual se hizo efectiva el 31 de diciembre.

Las razones de Noriega Curtis, expresidente de la Asociación Mexicana de Afores (Amafore), fueron básicamente dos: la primera, porque su objetivo principal era sacar una reforma al sistema de pensiones, lo cual finalmente se logró, y la segunda porque el secretario Arturo Herrera no lo apoyó con el Presidente para evitar el tope de comisiones, el cual es visto por todos (Afores, regulador y autoridades financieras) como una medida regresiva.

La reforma al sistema de pensiones se trazó al inicio del sexenio, con el entonces titular de Hacienda, Carlos Urzúa, quien renunció abruptamente en julio de 2019 a través de una carta explosiva, en la cual esgrimió argumentos como un ‘extremismo’ presidencial en las decisiones de política económica y la imposición de funcionarios sin conocimiento de la Hacienda pública.

Carlos Noriega Curtis y Abraham Vela Dib, actual presidente de la Comisión Nacional del Sistema del Ahorro para el Retiro (Consar) —regulador del sector—, fueron invitados por Urzúa para colaborar en la elaboración de la reforma. Sin embargo, ambos se sintieron frustrados por el poco apoyo del actual titular de la dependencia, Arturo Herrera, particularmente en lo que se refiere al tope de 0.54% en las comisiones, el cual se fijó tomando en cuenta el promedio que cobran las Afores en tres países: Estados Unidos, Chile y Colombia.

El Consejo Coordinador Empresarial en su conjunto, así como las organizaciones directamente involucradas, como la Asociación de Banco de México y la Amafore, rechazaron el tope de comisiones, pues significa un control de precios nocivo para el sector. La misma Consar veía mal el tope máximo, a lo cual se sumaron la opinión de la Comisión Federal de Competencia Económica y de organizaciones internacionales, como la Federación Internacional de Administradoras de Fondos de Pensiones.

Esta última explicó que cada uno de estos países (EU, Chile y Colombia) tienen un sistema distinto y su comparación para establecer una equivalencia en las comisiones no es sencilla ni recomendable, pues resulta arbitraria y poco representativa.

No obstante, el presidente López Obrador explotó contra todos, una vez que se enteró que había una especie de ‘frente común’ contra su iniciativa. La opinión de la Cofece y la presión pública de la Amafore en el tema de las comisiones terminaron por radicalizar al titular del Ejecutivo, quien ordenó a los legisladores de su partido aprobar la reforma fast track como él la envió.

La propuesta que intentaron impulsar la Consar y Noriega Curtis era que las Afores accedieran a disminuir a 0.70% las comisiones en 2021, es decir, llevarlas a estándares internacionales, pero no hubo consenso, lo que terminó saliendo más caro.

Actualmente, el promedio de las comisiones que cobran las 10 Afores que operan en el sistema, aprobado por la Consar para 2021, es de 0.80%. El acuerdo realizado a inicios del sexenio era que, hacia 2024, se reduciría a 0.70%, pero con la legislación vigente tendrán que se regularse a un promedio de 0.54% en 2022.

La Amafore anticipa que esto hará quebrar a algunas administradoras de pensiones.

[email protected]
Twitter: @MarioMal
",AMLO revienta contra Afores y causa ruptura en Hacienda,http://www.eluniversal.com.mx/opinion/mario-maldonado/amlo-revienta-contra-afores-y-causa-ruptura-en-hacienda
"
En 2003, Tommy Cook llevó su Chevrolet Camaro 1969 a realizar unas reparaciones menores a un taller mecánico. Desafortunadamente, dicho lugar fue atacado por un grupo de ladrones que se llevaron el coche de Cook
De acuerdo con el reportaje de Free Lance Star, el coche no contaba con el motor en ese momento, ya que estaba desmontado. Los ladrones trajeron una grúa y lo remolcaron fuera del lugar. 
Tommy no perdió esperanzas de reunirse con su coche, pero pasaron más de 17 años sin tener noticias del tema. No obstante, Cook tuvo un golpe de suerte hace unos días, cuando pasó por un mercado de autos usados y un Camaro 1969 atrapó su mirada. 
El color del Camaro era verde lima, pero Tommy le preguntó al vendedor si el color original era naranja. El dueño actual contestó que sí, pero decidió repintarlo por el mal estado en el que estaba. 
Tommy decidió entonces inspeccionar el auto y encontró una de las modificaciones que su Camaro tenía, unos seguros en los asientos traseros que permitían cargar cosas voluminosas sin moverse y eran sumamente raros en la época por ser opcionales. 
Convencido de que era su auto robado, Cook encontró que el número de serie del auto y motor no coincidían, además de que el primero había sido tallado para borrar el original. Tommy apuntó lo que se alcazaba a ver del VIN y llegando a su casa lo buscó en los registros del reporte de robo de hace 17 años. 
Como resultado, encontró que ese Camaro era aquel que le habían robado en 2003, con un nuevo motor, ya que el otro se quedó en el taller antes mencionado. 
Cook contactó a la policía y les dijo que había encontrado su auto robado. Las autoridades se mostraron accesibles con él y, gracias a las pruebas del número de serie, pudieron recuperar el vehículo. 
Tommy aclaró que el vendedor era un hombre inocente que fue víctima de alguien más, por lo que no presentó cargos contra nadie. Según los registros, el auto pasó por cuatro dueños diferentes en los 17 años que estuvo desaparecido.
Ahora, Cook recuperó su Camaro y está en buenas condiciones, especialmente gracias al nuevo motor V8 de 5.7 litros bajo el cofre.

",,https://www.eluniversal.com.mx/autopistas/hombre-encuentra-su-camaro-de-1969-robado-luego-de-17-anos-0
"
El último día del 2020, los reporteros del New York Times en la Casa Blanca publicaron un reportaje analizando la reacción de Donald Trump y su equipo a la crisis del coronavirus en los meses cercanos a la elección presidencial de noviembre. Es una crónica devastadora que revela la incapacidad del gobierno estadounidense para lidiar con un desafío de la magnitud de una pandemia, pero sobre todo porque confirma el origen de la terquedad fatal del presidente de Estados Unidos.
El catálogo es largo. A pesar de que tenía clara información de lo contrario, Trump minimizó públicamente el alcance y peligro de la enfermedad. Se rehusó a promover activamente medidas sanitarias elementales, que podrían haber hecho una diferencia en la batalla por evitar la muerte de cientos de miles de estadounidenses. Nunca quiso poner el ejemplo y utilizar una mascarilla sanitaria, incluso después de haber sufrido él mismo de un caso severo de Covid. Acusó, sin fundamento, a las farmacéuticas de conspirar en su contra en el proceso de desarrollo de las vacunas.
Todo esto lo hizo —y esto es lo que finalmente confirma el reportaje del New York Times— no porque tuviera dudas genuinas a partir de dilemas científicos o éticos, sino por un burdo cálculo político. Lo que le importó a Trump desde el principio, pero sobre todo en los meses previos a la elección, fue el impacto que la crisis de la pandemia podía tener en sus aspiraciones políticas. Lo importante era él y su futuro político, no la salud de los estadounidenses. Nunca se trató de gobernar Estados Unidos o pensar en el bien común. Se trató de la persecución del poder. Difícil pensar en un diagnóstico más severo.
¿Y en México? Es revelador evaluar al gobierno de México a través del mismo lente que sugiere la crónica sobre Trump. A lo largo de los últimos meses, la conducta de varios protagonistas de la vida pública mexicana, específicamente de los encargados de gestionar la respuesta cotidiana a la amenaza del virus, se parece mucho al diagnóstico que el New York Times hace de Trump.
Es imposible entender las decisiones y las omisiones del subsecretario de Salud, por ejemplo, sin considerar sus aspiraciones políticas. A estas alturas, y gracias al trabajo exhaustivo de varios colegas en México y el exterior, es evidente que a Hugo López-Gatell le ha importado más endulzarle el oído al presidente de México y consolidar su puesto en la corte de sicofantes de Palacio Nacional que tomar las decisiones que verdaderamente habrían protegido a los mexicanos.
Para López-Gatell, no se ha tratado de política pública sensata; se ha tratado de poder.
Los titubeos de Claudia Sheinbaum durante la espiral del invierno en la capital se explican de la misma manera. La jefa de Gobierno de la Ciudad de México parece tener como prioridad su relación personal con el mecenas político de su partido, no la salud y la seguridad de los capitalinos. Sus vacilaciones se explican desde la ambición política. Sheinbaum sabe bien que, en el México de López Obrador, la única regla es no contrariar al dueño del poder. Quizá más que en los amargos tiempos del PRI, los suspirantes se alinean o pierden favor.
Así también ha sido el caso de los funcionarios que, justo cuando otros gobiernos en el mundo están plenamente concentrados en subrayar la necesidad imperiosa de medidas sanitarias para contener el virus, se dedican a presumir la llegada por goteo de vacunas y el supuesto principio del fin de la pandemia. Este triunfalismo prematuro en el equipo del presidente de México y en su partido transmite un mensaje equivocado y peligroso, y se explica, también, desde el ajedrez del poder en la corte de López Obrador. Dicen lo que dicen y hacen lo que hacen porque saben que eso es lo que quiere oír el señor que decide. De ahí, también, el grosero lucro político de Morena con la campaña de vacunación.
No se trata de gobernar, se trata del poder.
Por supuesto, nada de esto es enteramente nuevo. México fue testigo de este protocolo patético durante décadas. En tiempos normales, esta vuelta de los rituales más rancios del priismo que creíamos caduco sería lastimosa y chocante.
Pero estos no son tiempos normales.
Es lo más lejano a tiempos normales.
Y por eso, cuando la historia se escriba, como ya se está escribiendo con Trump en el ocaso de su presidencia, los que han preferido enamorarse del espejo del poder antes que gobernar con responsabilidad enfrentarán un juicio implacable. 
 

Twitter: @LeonKrauze
",La prioridad es el poder,http://www.eluniversal.com.mx/opinion/leon-krauze/la-prioridad-es-el-poder
"
Luego de que se exhibiera al subsecretario de Salud, Hugo López-Gatell en playas de Oaxaca en medio de la pandemia por el Covid-19, la jefa de Gobierno, Claudia Sheinbaum, consideró que el subsecretario debe dar sus propias explicaciones sobre las vacaciones que tomó, pero que ni ella ni su equipo de trabajo podrían tomar un descanso ante la emergencia. 
 
“Cada quien es responsable de decir y hacer. En mi caso en particular, en el caso de todo el equipo, estando la situación de la Ciudad como está, no podríamos de ninguna manera tomarnos algún descanso. Hay que estar permanentemente atendiendo una situación de emergencia como la que está viviendo la Ciudad, pero yo le tengo todo el respeto al Dr Gatell”.
 
El subsecretario de Prevención y Promoción de la Salud, Hugo López-Gatell Ramírez, fue captado ayer domingo en un restaurante de playa Zipolite, en San Pedro Pochutla, costa de Oaxaca.
Las fotografías —que comenzaron a difundirse a través de redes sociales— muestran al funcionario de la Secretaría de Salud (Ssa), y vocero del gobierno federal para la emergencia por Covid-19, acompañado de una mujer en un restaurante del hotel El Alquimista, en Zipolite.
López-Gatell Ramírez arribó a la costa oaxaqueña el 31 de diciembre de 2020, en un vuelo cuyas imágenes fueron difundidas en redes sociales por el periodista Salvador García Soto para pasar el fin de año, y cuyas imágenes también desataron controversia porque no portaba cubrebocas de la forma correcta, cubriendo la boca y la nariz, a pesar de que sostenía en ese momento una llamada telefónica en un avión.
En las conferencias vespertinas, el propio López-Gatell ha insistido en el uso del cubrebocas en lugares donde no es posible el apropiado distanciamiento físico.
lr/nv
",,https://www.eluniversal.com.mx/metropoli/no-podriamos-tomarnos-descanso-ante-emergencia-por-covid-sheinbaum-sobre-vacaciones-de
